EdgeID,from_id,to_id,Timestamp,Amount Sent,Sent Currency,Amount Received,Received Currency,Payment Format,Is Laundering
543,978,979,-345590,161254.58,1,161254.58,1,1,0
571,1027,1027,-345590,146239.58,5,146239.58,5,3,0
602,1076,1076,-345590,12.91,3,12.91,3,3,0
830,1486,1486,-345590,4.17,3,4.17,3,3,0
863,1543,1543,-345590,14.78,1,14.78,1,3,0
972,1732,1732,-345590,11.69,3,11.69,3,3,0
118,219,219,-345530,10448451.639999999,7,10448451.639999999,7,3,0
390,710,710,-345530,15.43,1,15.43,1,3,0
564,1015,1016,-345530,11411.279999999999,3,11411.279999999999,3,0,0
765,1366,1367,-345530,26567.84,1,26567.84,1,0,0
848,1517,1517,-345530,18.54,3,18.54,3,3,0
304,557,557,-345350,72281.16,1,72281.16,1,3,0
530,954,955,-345290,11.479999999999999,3,11.479999999999999,3,0,0
760,1358,1358,-345290,20.55,1,20.55,1,3,0
503,907,907,-345230,70.39999999999999,2,70.39999999999999,2,3,0
699,1246,1246,-345230,7893.679999999999,1,7893.679999999999,1,3,0
804,1438,1439,-345230,41994.369999999995,3,41994.369999999995,3,1,0
498,898,898,-345170,1395975.8399999998,3,1395975.8399999998,3,3,0
734,1310,1311,-345170,53109.99,10,53109.99,10,4,0
797,1426,1426,-345170,3.21,1,3.21,1,3,0
431,781,781,-345110,20.5,1,20.5,1,3,0
590,1056,1056,-345110,46260.119999999995,13,46260.119999999995,13,3,0
288,527,527,-345050,18.869999999999997,3,18.869999999999997,3,3,0
388,707,707,-345050,9.07,12,9.07,12,3,0
362,662,662,-344930,9.99,1,9.99,1,3,0
477,861,861,-344930,33571599.519999996,8,33571599.519999996,8,3,0
134,247,248,-344810,1896313.0399999998,3,1896313.0399999998,3,4,0
166,308,308,-344810,543373.84,3,543373.84,3,3,0
283,517,518,-344810,177816.62,1,177816.62,1,2,0
606,1083,1084,-344810,16574.75,1,16574.75,1,0,0
261,478,478,-344750,3789.87,1,3789.87,1,3,0
68,126,126,-344690,7.659999999999999,1,7.659999999999999,1,3,0
810,1450,1450,-344630,10.479999999999999,3,10.479999999999999,3,3,0
44,83,83,-344570,862.27,1,862.27,1,3,0
89,164,164,-344570,1709.59,3,1709.59,3,3,0
119,220,220,-344570,1026.27,5,1026.27,5,3,0
448,810,811,-344570,309363839.45,7,309363839.45,7,1,0
551,992,992,-344570,16.32,1,16.32,1,3,0
193,358,359,-344510,775227.71,1,775227.71,1,5,0
517,932,932,-344510,3.84,1,3.84,1,3,0
664,1187,1187,-344510,19234.899999999998,3,19234.899999999998,3,3,0
205,381,381,-344450,18.79,1,18.79,1,3,0
226,415,415,-344450,4295.32,3,4295.32,3,3,0
681,1215,1215,-344390,1326.05,11,1326.05,11,3,0
709,1264,1264,-344390,194343.34999999998,1,194343.34999999998,1,3,0
95,175,175,-344330,14.69,1,14.69,1,3,0
443,801,801,-344330,9059.49,1,9059.49,1,3,0
924,1649,1649,-344330,16226138.989999998,0,16226138.989999998,0,3,0
9,18,18,-344270,5487546.76,0,5487546.76,0,3,0
32,60,61,-344270,3645.8399999999997,3,3645.8399999999997,3,4,0
427,775,775,-344270,171164.14,12,171164.14,12,3,0
514,927,927,-344270,1285.49,1,1285.49,1,3,0
310,567,567,-344210,13.99,5,13.99,5,3,0
879,1571,1571,-344210,5.08,5,5.08,5,3,0
215,397,397,-344150,14.549999999999999,4,14.549999999999999,4,3,0
318,582,582,-344150,26257.11,12,26257.11,12,3,0
378,690,690,-344090,1856.1599999999998,3,1856.1599999999998,3,3,0
293,536,536,-344030,2591.69,0,2591.69,0,3,0
452,818,818,-344030,15.1,1,15.1,1,3,0
336,615,616,-343970,4108.46,1,4108.46,1,1,0
405,739,739,-343970,31269.1,3,31269.1,3,3,0
963,1715,1716,-343970,5988.759999999999,1,5988.759999999999,1,1,0
88,163,163,-343910,5886933.859999999,3,5886933.859999999,3,3,0
381,695,696,-343910,11049554.1,1,11049554.1,1,1,0
938,1674,1675,-343850,20802.0,3,20802.0,3,2,0
814,1456,1457,-342350,3737.3599999999997,1,3737.3599999999997,1,0,0
338,619,620,-341630,16792.46,4,16792.46,4,0,0
925,494,1650,-341630,6077803.3,0,6077803.3,0,1,0
904,1613,1613,-340790,14.899999999999999,1,14.899999999999999,1,3,0
800,1431,1432,-340310,956516.01,5,956516.01,5,1,0
176,326,326,-339650,123468.14,1,123468.14,1,3,0
71,131,131,-339290,4.5,1,4.5,1,3,0
224,412,412,-338150,11.85,3,11.85,3,3,0
328,600,600,-338090,21.27,1,21.27,1,3,0
807,1444,1445,-337490,4580.41,1,4580.41,1,1,0
713,1271,1272,-337250,623.56,1,623.56,1,4,0
563,1014,1014,-337130,57832.219999999994,3,57832.219999999994,3,3,0
794,1421,1421,-336950,7.33,1,7.33,1,3,0
257,470,471,-336710,15372164.889999999,3,15372164.889999999,3,1,0
776,1388,1388,-336710,305458.74,1,305458.74,1,3,0
436,788,789,-336470,8716508.91,8,8716508.91,8,4,0
588,1054,1054,-335150,10280.46,5,10280.46,5,3,0
47,33,88,-335090,11483117.77,1,11483117.77,1,2,0
86,159,160,-334550,422.13,4,422.13,4,1,0
421,764,764,-334070,109.36999999999999,1,109.36999999999999,1,3,0
54,101,101,-333590,102.03,0,102.03,0,3,0
951,1696,1696,-333050,9736.189999999999,1,715065.0299999999,6,4,0
789,1412,1412,-332570,452.46999999999997,1,452.46999999999997,1,3,0
377,689,689,-331730,7.18,3,7.18,3,3,0
248,453,454,-331430,3988.1099999999997,12,3988.1099999999997,12,1,0
21,41,41,-330530,9.58,3,9.58,3,3,0
122,225,225,-330350,300093.6,1,300093.6,1,3,0
574,1030,1030,-329810,159364.65,9,159364.65,9,3,0
678,1210,1210,-328430,2289.6099999999997,1,2289.6099999999997,1,3,0
945,1686,1687,-327470,207.35999999999998,1,207.35999999999998,1,0,0
298,545,546,-326690,3576.1099999999997,2,3576.1099999999997,2,4,0
309,565,566,-326690,78933.64,3,78933.64,3,1,0
918,1639,1640,-326690,30397.969999999997,12,30397.969999999997,12,0,0
2,4,5,-326150,11707.58,2,11707.58,2,1,0
262,479,479,-325790,35.519999999999996,0,35.519999999999996,0,3,0
433,327,784,-324170,6541.34,6,6541.34,6,2,0
496,895,895,-324050,25804.0,10,25804.0,10,3,0
192,356,357,-322730,609.05,12,609.05,12,0,0
515,928,929,-322310,11811.6,9,11811.6,9,0,0
654,1170,1170,-321770,11.18,2,11.18,2,3,0
961,1712,1712,-321770,7152.5599999999995,1,7152.5599999999995,1,3,0
389,708,709,-320990,270944.48,8,270944.48,8,2,0
284,519,520,-320810,359.47999999999996,12,359.47999999999996,12,0,0
364,665,666,-319070,309.84999999999997,3,309.84999999999997,3,1,0
516,930,931,-317570,1878.4399999999998,3,1878.4399999999998,3,1,0
408,744,745,-317330,17452.829999999998,1,17452.829999999998,1,5,0
750,1340,1340,-317270,14.559999999999999,3,14.559999999999999,3,3,0
418,159,760,-316910,8732.15,4,8732.15,4,1,0
675,1204,1205,-316550,4146.74,1,4146.74,1,4,0
599,1071,1072,-315710,27260.719999999997,11,27260.719999999997,11,1,0
867,1549,1550,-315710,4847.639999999999,2,4847.639999999999,2,0,0
901,1607,1608,-314030,29845.5,1,29845.5,1,2,0
385,702,703,-313850,28212.989999999998,6,28212.989999999998,6,1,0
823,1473,1473,-313670,29.09,11,29.09,11,3,0
595,33,1065,-313370,89.95,1,89.95,1,0,0
927,1653,1653,-313010,240563.65,3,240563.65,3,3,0
674,1202,1203,-312710,4909.139999999999,3,4909.139999999999,3,1,0
301,551,552,-311990,137.01999999999998,2,137.01999999999998,2,2,0
356,651,652,-311450,237.04999999999998,1,237.04999999999998,1,2,0
63,117,118,-310910,1664243.96,1,1664243.96,1,5,0
866,1548,1548,-310310,4.47,1,4.47,1,3,0
753,1344,1345,-309290,196.47,3,196.47,3,1,0
77,142,143,-309110,167.13,3,167.13,3,5,0
561,1010,1011,-308510,1618.8799999999999,3,1618.8799999999999,3,4,0
917,1637,1638,-308390,352.62,9,352.62,9,1,0
986,1755,1756,-307190,0.01,1,0.01,1,1,0
235,431,431,-306350,17996.0,3,17996.0,3,3,0
642,1148,1148,-304970,68.57,0,68.57,0,3,0
744,1328,1329,-304670,96.21,1,96.21,1,4,0
620,1109,1110,-304610,8959.449999999999,1,8959.449999999999,1,1,0
923,866,866,-303890,2801.92,1,2801.92,1,3,0
548,987,987,-303830,167.88,1,167.88,1,3,0
29,55,56,-303710,2698.3799999999996,0,2698.3799999999996,0,1,0
587,1052,1053,-303410,219.29,3,219.29,3,1,0
954,1700,1701,-303290,598.31,3,598.31,3,4,0
41,77,78,-301730,87927.14,4,87927.14,4,1,0
558,1005,1005,-301010,244.85,3,244.85,3,3,0
801,1433,1433,-300890,41102.509999999995,3,41102.509999999995,3,3,0
584,1047,1047,-300530,9.94,3,9.94,3,3,0
253,463,463,-299630,1037424.8999999999,1,1037424.8999999999,1,3,0
892,1592,1593,-299150,1279.19,11,1279.19,11,2,0
532,958,959,-298850,1182.47,1,1182.47,1,0,0
978,1742,1742,-298790,72933.87,5,72933.87,5,3,0
899,1604,1604,-298730,28482.25,3,28482.25,3,3,0
547,985,986,-297590,247.81,1,247.81,1,1,0
625,1119,1120,-297410,3.79,1,3.79,1,5,0
868,1551,1551,-297050,5333.63,3,5333.63,3,3,0
710,1265,1266,-296690,17803.11,3,17803.11,3,0,0
609,1089,1090,-296210,499.34,1,499.34,1,0,0
189,350,351,-296090,0.004637,14,0.004637,14,6,0
545,982,983,-296090,1378.1299999999999,3,1378.1299999999999,3,1,0
528,951,951,-294470,277.97999999999996,1,277.97999999999996,1,3,0
916,1636,1636,-294350,35343.82,3,35343.82,3,3,0
835,1495,1495,-293690,13289434.139999999,8,13289434.139999999,8,3,0
375,350,686,-293450,0.012856,14,0.012856,14,6,0
462,834,834,-293330,267.06,11,267.06,11,3,0
202,375,376,-292670,429.96,1,429.96,1,4,0
685,1221,1222,-291830,11343.42,2,11343.42,2,0,0
613,1097,1098,-291650,11.45,4,11.45,4,0,0
207,384,385,-291470,1693.59,1,1693.59,1,4,0
526,948,948,-291230,18.75,11,18.75,11,3,0
23,44,45,-290750,382.4,1,382.4,1,2,0
627,1123,1123,-290330,3.4299999999999997,1,3.4299999999999997,1,3,0
932,1662,1663,-289790,20538.29,7,20538.29,7,0,0
628,1124,1125,-289670,15048.289999999999,1,15048.289999999999,1,1,0
696,1242,1242,-288770,453.59999999999997,3,453.59999999999997,3,3,0
333,609,610,-288470,393.07,7,393.07,7,4,0
552,993,994,-288470,24.599999999999998,3,24.599999999999998,3,1,0
458,827,828,-286490,2708.89,5,2708.89,5,4,0
470,847,848,-286070,5652.53,3,5652.53,3,0,0
673,1201,1201,-285950,58.18,1,58.18,1,3,0
358,655,656,-285470,78952054.82,8,78952054.82,8,1,0
407,742,743,-285470,2326.29,0,2326.29,0,0,0
135,249,250,-285410,47063.95,3,47063.95,3,1,0
55,102,103,-284510,380.4,3,380.4,3,1,0
287,525,526,-284270,1188.9299999999998,5,1188.9299999999998,5,1,0
546,984,984,-283910,2680573.13,8,2680573.13,8,3,0
724,1292,1292,-283910,2556.3599999999997,3,2556.3599999999997,3,3,0
393,715,716,-283670,271.09,3,271.09,3,0,0
359,657,657,-283310,16.25,1,16.25,1,3,0
167,309,309,-281990,1540.1499999999998,7,1540.1499999999998,7,3,0
331,605,606,-281090,1888406.65,7,1888406.65,7,0,0
13,25,26,-279530,89.22999999999999,5,89.22999999999999,5,5,0
540,973,974,-279470,238567.09999999998,6,238567.09999999998,6,1,0
522,941,942,-277910,916571.59,6,916571.59,6,0,0
236,33,432,-277490,529.7099999999999,1,529.7099999999999,1,0,0
872,1558,1559,-277430,80.55,3,80.55,3,0,0
227,416,417,-277370,1946614.98,7,1946614.98,7,0,0
525,946,947,-276950,635.5,13,635.5,13,1,0
40,76,76,-276830,2849.21,1,2849.21,1,3,0
60,112,112,-276590,12.639999999999999,1,12.639999999999999,1,3,0
221,408,408,-275750,63582.799999999995,1,63582.799999999995,1,3,0
81,150,150,-275690,954.81,12,954.81,12,3,0
303,555,556,-273650,7374.0599999999995,1,7374.0599999999995,1,0,0
465,838,839,-272390,53.5,9,53.5,9,4,0
630,1128,1129,-272210,448949.94,1,448949.94,1,1,0
160,297,298,-271610,746559.65,1,746559.65,1,5,0
796,1424,1425,-271190,206.03,0,206.03,0,1,0
732,1307,1307,-270770,475170.47,1,475170.47,1,3,0
847,1515,1516,-270650,5410701.9799999995,6,5410701.9799999995,6,2,0
442,799,800,-270350,347.97999999999996,3,347.97999999999996,3,0,0
616,1103,1103,-269990,5158.7,1,5158.7,1,3,0
416,758,758,-268730,23828.82,4,23828.82,4,3,0
456,824,825,-268370,52128.189999999995,4,52128.189999999995,4,5,0
898,1603,1603,-268250,261444.75999999998,10,261444.75999999998,10,3,0
7,14,15,-268010,501.02,1,501.02,1,0,0
698,1245,1245,-268010,13001.369999999999,1,13001.369999999999,1,3,0
649,1161,1162,-267530,70.07,1,70.07,1,1,0
154,286,287,-267350,791.75,3,791.75,3,1,0
52,97,98,-267110,1200.9299999999998,1,1200.9299999999998,1,1,0
461,833,833,-266990,88917.8,1,88917.8,1,3,0
272,496,497,-265970,128.29,11,128.29,11,1,0
296,541,542,-265790,519.4,10,519.4,10,5,0
164,305,305,-265010,13706900.059999999,2,13706900.059999999,2,3,0
17,33,34,-264710,145.95999999999998,1,145.95999999999998,1,1,0
958,1708,1708,-264230,1280.1,7,1280.1,7,3,0
277,505,506,-264050,1062937.01,0,1062937.01,0,5,0
337,617,618,-263870,143.09,1,143.09,1,4,0
229,33,420,-263810,56.33,1,56.33,1,0,0
971,1730,1731,-263810,268392.14999999996,8,268392.14999999996,8,1,0
781,1397,1397,-263510,1592.28,5,1592.28,5,3,0
578,1036,19,-263210,132233.91,1,132233.91,1,5,0
70,129,130,-262430,688.3199999999999,5,688.3199999999999,5,0,0
18,35,36,-261530,5480.259999999999,1,5480.259999999999,1,1,0
944,1685,1685,-261290,618.72,7,618.72,7,3,0
365,667,668,-259730,0.101393,14,0.101393,14,6,0
583,1045,1046,-259550,181055.68,4,181055.68,4,1,0
467,841,842,-259490,31.58,1,31.58,1,4,0
116,215,216,-259430,691.0699999999999,3,691.0699999999999,3,2,0
396,721,722,-259130,17.38,4,17.38,4,0,0
670,1196,1197,-259070,319.71,3,319.71,3,1,0
61,113,114,-258650,32.809999999999995,12,32.809999999999995,12,0,0
909,1622,1623,-258650,332.16999999999996,3,332.16999999999996,3,1,0
397,723,724,-257570,101.89999999999999,3,101.89999999999999,3,0,0
791,1415,1416,-257510,446.77,0,446.77,0,0,0
825,1476,1477,-257450,26302.14,1,26302.14,1,4,0
231,423,424,-256970,162.73,3,162.73,3,1,0
604,1079,1080,-256010,0.19139799999999998,14,0.19139799999999998,14,6,0
967,1722,1723,-254870,14311761.76,1,14311761.76,1,2,0
216,398,399,-254090,511.34999999999997,1,511.34999999999997,1,2,0
417,33,759,-253790,844.4499999999999,1,844.4499999999999,1,0,0
997,1775,1776,-253550,315.59999999999997,3,315.59999999999997,3,1,0
586,1050,1051,-252890,237.79,11,237.79,11,0,0
839,1500,1501,-252110,3088329.82,8,3088329.82,8,1,0
691,1233,1234,-251510,29606.149999999998,3,29606.149999999998,3,2,0
147,272,273,-251390,235.26999999999998,5,235.26999999999998,5,4,0
739,1319,1320,-250790,1161.71,3,1161.71,3,2,0
614,1099,1100,-250130,1227.56,1,1227.56,1,1,0
384,700,701,-249530,21745.36,3,21745.36,3,1,0
363,663,664,-249470,4668.3099999999995,1,4668.3099999999995,1,0,0
447,808,809,-247910,13913.39,1,13913.39,1,1,0
51,95,96,-247670,60653.35,8,60653.35,8,2,0
608,1087,1088,-247130,404.85999999999996,2,404.85999999999996,2,1,0
168,310,311,-245990,7230.929999999999,8,7230.929999999999,8,2,0
251,459,460,-245150,1731.09,1,1731.09,1,1,0
657,81,1174,-245150,1048.23,3,1048.23,3,0,0
983,1749,1750,-243950,8301.1,3,8301.1,3,2,0
59,110,111,-243530,4090.6499999999996,3,4090.6499999999996,3,4,0
279,509,510,-243230,388.22999999999996,1,388.22999999999996,1,1,0
62,115,116,-242630,790816.94,3,790816.94,3,4,0
485,875,876,-241910,10701.33,3,10701.33,3,0,0
655,1171,1171,-241730,3081.33,0,392.62,3,4,0
471,849,850,-241550,1458.02,8,1458.02,8,0,0
105,193,194,-241010,161.53,3,161.53,3,4,0
513,925,926,-240770,557.05,1,557.05,1,1,0
380,693,694,-240470,979.51,1,979.51,1,5,0
767,1370,1371,-240170,155652.38,1,155652.38,1,5,0
241,441,442,-238850,2711.54,1,2711.54,1,4,0
185,342,343,-238730,0.17409,14,0.17409,14,6,0
851,1522,1523,-238070,1835.22,3,1835.22,3,0,0
133,245,246,-237710,38166430.739999995,7,38166430.739999995,7,0,0
926,1651,1652,-235370,72.89,3,72.89,3,0,0
230,421,422,-235130,5509.969999999999,6,5509.969999999999,6,1,0
142,262,263,-234950,3295.44,11,3295.44,11,1,0
615,1101,1102,-234050,4848746.399999999,2,4848746.399999999,2,4,0
941,1680,1681,-233330,542.86,1,542.86,1,2,0
736,1314,1315,-232550,274490.87,10,274490.87,10,4,0
942,1682,1683,-229970,45263.86,6,45263.86,6,0,0
764,1364,1365,-229910,2401.22,3,2401.22,3,1,0
529,952,953,-229550,2046.6799999999998,4,2046.6799999999998,4,1,0
973,1733,1734,-229190,42769.409999999996,10,42769.409999999996,10,1,0
368,672,673,-228770,159462.25,6,159462.25,6,1,0
576,1033,1034,-228770,9137.32,2,9137.32,2,0,0
731,1305,1306,-228290,645.0,1,645.0,1,0,0
871,1556,1557,-228050,1719.61,9,1719.61,9,0,0
103,189,190,-227750,137164.94999999998,6,137164.94999999998,6,1,0
315,576,577,-227510,5073.83,5,5073.83,5,1,0
907,1618,1619,-227330,12338.73,12,12338.73,12,0,0
38,72,73,-227270,831.4599999999999,9,831.4599999999999,9,4,0
125,229,230,-226970,1320.52,1,1320.52,1,1,0
120,221,222,-225050,149.85,1,149.85,1,0,0
75,138,139,-224030,18092.489999999998,6,18092.489999999998,6,4,0
468,843,844,-224030,38337.88,1,38337.88,1,2,0
281,513,514,-223670,633.5,1,633.5,1,2,0
650,1163,1164,-223010,179.47,3,179.47,3,0,0
184,340,341,-222830,649.14,12,649.14,12,1,0
935,1668,1669,-222470,162.88999999999998,3,162.88999999999998,3,0,0
414,755,755,-222110,333.95,3,333.95,3,1,0
651,1165,1166,-221750,389.28,1,389.28,1,5,0
141,260,261,-221510,31.009999999999998,3,31.009999999999998,3,4,0
484,873,874,-221210,26433.51,2,26433.51,2,1,0
457,81,826,-220790,241.51999999999998,3,241.51999999999998,3,0,0
897,1602,1602,-220610,6865.96,3,8045.42,1,4,0
884,1578,1579,-220550,366.53,3,366.53,3,1,0
114,211,212,-219710,4.06,1,4.06,1,4,0
775,1386,1387,-219350,21092.719999999997,8,21092.719999999997,8,2,0
74,136,137,-218930,24021.719999999997,3,24021.719999999997,3,1,0
247,451,452,-218390,3.61,1,3.61,1,5,0
677,1208,1209,-217550,510.14,2,510.14,2,4,0
876,1566,1567,-217310,19099.03,7,19099.03,7,0,0
149,276,277,-215750,845.3,9,845.3,9,0,0
981,1746,1747,-215630,957.87,1,957.87,1,1,0
667,81,1192,-215510,1513.5,3,1513.5,3,0,0
28,33,54,-214850,34.269999999999996,1,34.269999999999996,1,0,0
687,1225,1226,-214010,19829.73,1,19829.73,1,0,0
490,33,885,-213470,133.51999999999998,1,133.51999999999998,1,1,0
107,197,198,-213410,33888.4,1,33888.4,1,2,0
454,821,822,-212930,62.07,1,62.07,1,4,0
129,237,238,-211910,84021.59,1,84021.59,1,4,0
743,416,1327,-211610,219291.25,7,219291.25,7,1,0
425,771,772,-210590,1158.48,11,1158.48,11,0,0
170,314,315,-209090,210810.78999999998,7,210810.78999999998,7,5,0
756,1350,1351,-207830,90.97999999999999,7,90.97999999999999,7,4,0
402,733,734,-207770,400.57,3,400.57,3,0,0
57,106,107,-207170,1633.8899999999999,1,1633.8899999999999,1,1,0
191,354,355,-206330,5449429.31,3,5449429.31,3,1,0
623,1115,1116,-204830,180.48,1,180.48,1,0,0
494,477,892,-204410,413.62,11,413.62,11,1,0
994,1770,1771,-204230,25161.46,3,25161.46,3,2,0
25,48,49,-203210,78.77,1,78.77,1,1,0
96,176,177,-202610,715.5,7,715.5,7,1,0
428,776,776,-202370,312.15,1,266.39,3,4,0
78,144,145,-202250,842.9399999999999,1,842.9399999999999,1,1,0
268,488,489,-201950,3229.6499999999996,5,3229.6499999999996,5,1,0
815,1458,1459,-201710,209.01999999999998,1,209.01999999999998,1,1,0
276,503,504,-201470,83.55,1,83.55,1,1,0
246,450,450,-201050,0.221193,14,0.221193,14,6,0
422,765,766,-200930,971.5899999999999,1,971.5899999999999,1,0,0
313,572,573,-200570,1711.98,12,1711.98,12,0,0
90,165,166,-199670,4064.6699999999996,1,4064.6699999999996,1,1,0
834,1493,1494,-199430,1214647.62,7,1214647.62,7,0,0
127,233,234,-198950,7717484.02,1,7717484.02,1,1,0
15,29,30,-198770,42150.63,6,42150.63,6,4,0
326,596,597,-198770,417.33,1,417.33,1,0,0
759,1356,1357,-198470,1442618.0999999999,7,1442618.0999999999,7,2,0
840,1502,1502,-198290,5815.61,5,5815.61,5,0,0
860,1538,1539,-197930,34.989999999999995,1,34.989999999999995,1,4,0
379,691,692,-197690,10487.81,1,10487.81,1,2,0
611,1093,1094,-196790,45.4,1,45.4,1,2,0
952,1697,1698,-196490,17373.32,1,17373.32,1,1,0
97,159,178,-195530,6.14,4,6.14,4,0,0
340,623,624,-194510,5083347.22,7,5083347.22,7,4,0
348,636,637,-193730,107.75999999999999,1,107.75999999999999,1,0,0
239,437,438,-193610,6355.799999999999,3,6355.799999999999,3,0,0
985,1753,1754,-191810,106.72,5,106.72,5,2,0
569,1023,1024,-191390,80001.79,3,80001.79,3,1,0
711,1267,1268,-190190,19192.64,11,19192.64,11,0,0
931,1660,1661,-189950,173.88999999999998,1,173.88999999999998,1,2,0
956,1704,1705,-188990,174.67999999999998,3,174.67999999999998,3,4,0
700,1247,1248,-188510,5473.3,11,5473.3,11,0,0
100,183,184,-187430,1920.74,11,1920.74,11,4,0
22,42,43,-187190,3727.73,1,3727.73,1,0,0
233,427,428,-185810,16196.429999999998,0,16196.429999999998,0,0,0
92,169,170,-185270,7528.679999999999,12,7528.679999999999,12,1,0
339,621,622,-184550,28.4,3,28.4,3,0,0
386,704,705,-183050,2797.97,4,2797.97,4,0,0
212,392,392,-181850,4691.05,3,5496.889999999999,1,4,0
581,1041,1042,-179270,2385.87,1,2385.87,1,4,0
426,773,774,-176990,3685.9199999999996,1,3685.9199999999996,1,1,0
605,1081,1082,-175070,493.19,1,493.19,1,1,0
479,494,864,-174950,10208.67,0,10208.67,0,1,0
180,332,333,-174890,3161.91,1,3161.91,1,1,0
483,871,872,-174830,879.5,5,879.5,5,1,0
117,217,218,-174530,6.81,1,6.81,1,1,0
746,1332,1333,-174470,2416.0,4,2416.0,4,4,0
73,134,135,-174290,9769.92,1,9769.92,1,1,0
497,896,897,-173210,28821.699999999997,1,28821.699999999997,1,1,0
437,790,791,-171110,1432.52,7,1432.52,7,0,0
158,293,294,-170330,931.9499999999999,1,931.9499999999999,1,1,0
592,1059,1060,-159650,1291.1599999999998,1,1291.1599999999998,1,1,0
240,439,440,-159470,1942.52,1,1942.52,1,1,0
123,226,227,-158030,273458.42,10,273458.42,10,0,0
912,1628,1629,-157970,687.74,1,687.74,1,2,0
177,327,328,-157850,154609.14,6,154609.14,6,0,0
988,1758,1759,-154010,3201.46,3,3201.46,3,2,0
219,404,405,-151370,785.93,1,785.93,1,4,0
549,988,989,-151190,3100.93,1,3100.93,1,1,0
665,1188,1189,-148730,515.59,5,515.59,5,2,0
582,1043,1044,-144050,604.15,3,604.15,3,0,0
813,1454,1455,-143690,285.02,1,285.02,1,2,0
280,511,512,-139970,1007.3199999999999,3,1007.3199999999999,3,2,0
271,494,495,-132950,1055.26,0,1055.26,0,0,0
640,1144,1145,-128750,3667.27,1,3667.27,1,4,0
256,468,469,-127910,207447.56,10,207447.56,10,1,0
482,869,870,-127490,2293.1099999999997,3,2293.1099999999997,3,0,0
722,1288,1289,-127130,121.25999999999999,2,121.25999999999999,2,1,0
883,1576,1577,-122990,2645.48,1,2645.48,1,0,0
633,81,1134,-121850,163831.07,3,163831.07,3,2,0
434,81,785,-121070,77.89999999999999,3,77.89999999999999,3,0,0
507,914,915,-115730,1531.51,4,1531.51,4,1,0
208,386,387,-114830,1834.8,4,1834.8,4,1,0
36,68,69,-112190,56857.0,1,56857.0,1,4,0
372,680,681,-109430,5684.929999999999,1,5684.929999999999,1,4,0
475,857,858,-108350,169.92999999999998,3,169.92999999999998,3,1,0
984,1751,1752,-105530,287.63,11,287.63,11,1,0
366,70,669,-105290,14913.289999999999,8,14913.289999999999,8,0,0
908,1620,1621,-97970,1689.34,0,1689.34,0,1,0
929,1656,1657,-91250,418.25,1,418.25,1,2,0
495,893,894,-90710,350586.52999999997,3,350586.52999999997,3,1,0
411,750,751,-88910,161.82999999999998,1,161.82999999999998,1,2,0
286,523,524,-87050,204.91,3,204.91,3,1,0
109,201,202,-86390,36.37,1,36.37,1,0,0
854,1528,1529,-86270,1782.59,3,1782.59,3,1,0
404,737,738,-85850,159.76999999999998,1,159.76999999999998,1,0,0
161,299,300,-84590,7594.92,3,7594.92,3,1,0
183,338,339,-83090,2847.73,1,2847.73,1,4,0
432,782,783,-82970,1976529.19,8,1976529.19,8,0,0
332,607,608,-77150,12795.849999999999,6,12795.849999999999,6,0,0
3,6,7,-76190,4753.389999999999,1,4753.389999999999,1,1,0
6,12,13,-73010,7675.049999999999,3,7675.049999999999,3,1,0
914,1632,1633,-71990,148.23,1,148.23,1,1,0
108,199,200,-70970,166.92999999999998,3,166.92999999999998,3,0,0
264,33,482,-70130,276.08,1,276.08,1,0,0
768,1372,1373,-68510,46104.409999999996,6,46104.409999999996,6,0,0
903,1611,1612,-67430,2902685.19,1,2902685.19,1,4,0
541,975,976,-67310,1333797.21,3,1333797.21,3,1,0
329,601,602,-66350,50015.549999999995,1,50015.549999999995,1,4,0
472,851,852,-65870,6743.44,3,6743.44,3,1,0
374,684,685,-63950,39969.74,10,39969.74,10,0,0
84,155,156,-63830,167.73999999999998,1,167.73999999999998,1,4,0
50,93,94,-61850,35.26,1,35.26,1,4,0
645,1153,1154,-60830,36.063077,14,36.063077,14,6,0
330,603,604,-56990,6307.17,1,6307.17,1,0,0
632,1132,1133,-54710,234.11999999999997,1,234.11999999999997,1,1,0
398,725,726,-53990,1269.6199999999999,1,1269.6199999999999,1,1,0
998,1777,1778,-50690,22.43,3,22.43,3,4,0
195,362,363,-46190,144.09,1,144.09,1,4,0
150,278,279,-44870,8938.779999999999,3,8938.779999999999,3,0,0
838,159,1499,-43550,1303.4099999999998,4,1303.4099999999998,4,2,0
439,794,795,-42950,410.78,3,410.78,3,0,0
819,1466,1467,-42170,196.79,1,196.79,1,1,0
996,1773,1774,-41510,8250.15,6,8250.15,6,0,0
846,1513,1514,-33410,8.23,3,8.23,3,2,0
500,901,902,-32030,14740.01,2,14740.01,2,4,0
35,66,67,-26930,4373.72,7,4373.72,7,0,0
347,634,635,-26390,382.44,1,382.44,1,0,0
58,108,109,-23750,302.77,1,302.77,1,1,0
754,1346,1347,-19910,2301.7799999999997,1,2301.7799999999997,1,1,0
885,1580,1581,-19610,684.1811849999999,14,684.1811849999999,14,6,0
252,461,462,-18710,13.19,1,13.19,1,4,0
249,455,456,-17030,28663.359999999997,4,28663.359999999997,4,4,0
67,124,125,-16910,7196.389999999999,1,7196.389999999999,1,0,0
314,574,575,-12290,249.23,3,249.23,3,0,0
200,371,372,-10310,55367.649999999994,1,55367.649999999994,1,1,0
906,1616,1617,-10190,1159.9299999999998,11,1159.9299999999998,11,1,0
156,290,291,-7850,717.5699999999999,3,717.5699999999999,3,4,0
695,1240,1241,-4130,0.032307999999999996,14,0.032307999999999996,14,6,0
720,1284,1285,-1970,428.04999999999995,1,428.04999999999995,1,0,0
622,1113,1114,370,3.9699999999999997,1,3.9699999999999997,1,0,0
159,295,296,730,33.68,3,33.68,3,0,0
491,886,887,910,0.9299999999999999,11,0.9299999999999999,11,0,0
766,1368,1369,1090,45.46,4,45.46,4,0,0
93,171,172,1210,0.003,14,0.003,14,6,0
891,1590,1591,1630,77.46,3,77.46,3,0,0
291,532,533,1690,4081.6099999999997,12,4081.6099999999997,12,0,0
757,1352,1353,1810,408.62,1,408.62,1,4,0
319,583,584,2410,1805.06,1,1805.06,1,0,0
572,33,1028,2590,315.78999999999996,1,315.78999999999996,1,0,0
1,2,3,2830,58.68,1,58.68,1,1,0
816,1460,1461,2830,50.0,3,50.0,3,0,0
631,1130,1131,5170,84062.69,10,84062.69,10,0,0
959,1709,1710,5530,4349.7,1,4349.7,1,1,0
777,1389,1390,6190,312.31,11,312.31,11,0,0
350,640,641,6430,4172.73,10,4172.73,10,1,0
774,1384,1385,6610,242.0,3,242.0,3,0,0
837,33,1498,7210,718.3,1,718.3,1,1,0
893,1594,1595,9010,519.24,3,519.24,3,2,0
751,1341,1342,9070,3.3699999999999996,11,3.3699999999999996,11,2,0
155,288,289,12190,95.58,1,95.58,1,1,0
152,282,283,12550,420.81,5,420.81,5,1,0
346,632,633,13030,2358.37,1,2358.37,1,1,0
99,181,182,15010,547.77,1,547.77,1,5,0
718,1280,1281,15850,518.4399999999999,13,518.4399999999999,13,1,0
33,62,63,19030,582360.87,0,582360.87,0,1,0
188,348,349,19210,41024.509999999995,5,41024.509999999995,5,4,0
719,1282,1283,19750,573.25,2,573.25,2,0,0
20,39,40,19870,68.0,1,68.0,1,0,0
174,322,323,20350,7124.929999999999,1,7124.929999999999,1,2,0
559,1006,1007,21310,0.091059,14,0.091059,14,6,0
66,122,123,21430,373.35999999999996,1,373.35999999999996,1,1,0
976,33,1739,21430,226.04,1,226.04,1,2,0
488,881,882,22570,2650.45,1,2650.45,1,2,0
440,796,797,24610,183.29,1,183.29,1,1,0
518,933,934,26230,17098.219999999997,9,17098.219999999997,9,0,0
658,1175,1176,28510,17669.88,11,17669.88,11,1,0
278,507,508,28990,26836.75,3,26836.75,3,1,0
689,1229,1230,31570,50.839999999999996,4,50.839999999999996,4,4,0
772,1380,1381,31570,82.14,3,82.14,3,1,0
285,521,522,31750,68997.81999999999,7,68997.81999999999,7,4,0
345,630,631,32230,3477.1499999999996,4,3477.1499999999996,4,5,0
785,1404,1405,32530,5142.24,10,5142.24,10,0,0
106,195,196,32650,38547.61,7,38547.61,7,0,0
151,280,281,33250,928143.1,10,928143.1,10,2,0
157,33,292,33250,1157.3999999999998,1,1157.3999999999998,1,1,0
579,1037,1038,33550,673.63,11,673.63,11,1,0
505,910,911,33670,109.22999999999999,12,109.22999999999999,12,0,0
921,1645,1646,36010,55608.59,7,55608.59,7,4,0
603,1077,1078,36490,44.89,3,44.89,3,4,0
769,1374,1375,37330,109.99,1,109.99,1,0,0
597,1067,1068,37690,279.22999999999996,1,279.22999999999996,1,0,0
244,446,447,38590,6666.99,2,6666.99,2,1,0
196,364,364,39130,7339.7,3,8600.539999999999,1,4,0
4,8,9,39430,7.56,1,7.56,1,1,0
911,1626,1627,41770,30.97,11,30.97,11,1,0
290,530,531,42070,4421.349999999999,0,4421.349999999999,0,0,0
629,1126,1127,42610,64.11,11,64.11,11,1,0
977,1740,1741,43210,167.63,1,167.63,1,4,0
295,539,540,44770,3181.64,1,3181.64,1,2,0
87,161,162,45970,358233.07,6,358233.07,6,1,0
335,613,614,47950,4350015.9399999995,1,4350015.9399999995,1,2,0
577,81,1035,48550,13662.779999999999,3,13662.779999999999,3,1,0
859,1536,1537,49210,13.08,3,13.08,3,4,0
441,33,798,49570,34.36,1,34.36,1,0,0
506,912,913,49750,16522.2,8,16522.2,8,1,0
115,213,214,49990,129238.9,3,129238.9,3,1,0
220,406,407,50170,173.38,4,173.38,4,1,0
857,1130,1533,50710,280375.39999999996,10,280375.39999999996,10,0,0
778,1391,1392,53890,448.19,1,448.19,1,0,0
626,1121,1122,54550,6.59,1,6.59,1,2,0
635,33,1137,56530,94.0,1,94.0,1,1,0
600,1073,1074,57250,118.05,9,118.05,9,0,0
826,1478,1479,57430,99.08,1,99.08,1,2,0
387,453,706,58690,95121736.49,12,95121736.49,12,1,0
143,264,265,60130,108.55,1,108.55,1,2,0
947,1690,1691,60610,5451.94,4,5451.94,4,1,0
845,1511,1512,60790,3819.6099999999997,1,3819.6099999999997,1,1,0
449,812,813,61870,0.424157,14,0.424157,14,6,0
820,1468,1469,62170,711.29,2,711.29,2,5,0
383,698,699,62650,905.8,5,905.8,5,2,0
888,1585,1586,62770,3662.85,1,3662.85,1,4,0
843,1507,1508,66130,0.013776,14,0.013776,14,6,0
435,786,787,66670,19273.01,7,19273.01,7,1,0
0,0,1,67630,15317.33,0,15317.33,0,0,0
877,350,1568,68170,0.03224,14,0.03224,14,6,0
966,1720,1721,69010,13.559999999999999,1,13.559999999999999,1,1,0
788,1410,1411,70510,115280422.75999999,0,115280422.75999999,0,1,0
793,1419,1420,70750,619.37,0,619.37,0,1,0
48,89,90,72190,99171.37999999999,8,99171.37999999999,8,2,0
351,642,643,72910,2373.7599999999997,1,2373.7599999999997,1,1,0
717,81,1279,72910,2350.52,3,2350.52,3,0,0
534,962,963,73690,14690.06,11,14690.06,11,1,0
232,425,426,73750,29833.809999999998,1,29833.809999999998,1,2,0
749,1338,1339,76090,11352.279999999999,3,11352.279999999999,3,4,0
409,746,747,76270,310.65,1,310.65,1,1,0
245,448,449,76390,227.98999999999998,1,227.98999999999998,1,0,0
489,883,884,77110,5083.2699999999995,6,5083.2699999999995,6,1,0
492,888,889,78490,249.75,1,249.75,1,0,0
873,1560,1561,78610,10676.93,7,10676.93,7,1,0
939,1676,1677,78730,357.62,1,357.62,1,1,0
960,81,1711,79810,76.55,3,76.55,3,1,0
920,1643,1644,80350,18613.329999999998,8,18613.329999999998,8,1,0
504,908,909,80830,16808.29,0,16808.29,0,1,0
855,1530,1531,82690,564.5899999999999,1,564.5899999999999,1,0,0
536,966,967,86890,5047.63,7,5047.63,7,0,0
787,1408,1409,86950,1154114.0,1,1154114.0,1,1,0
936,1670,1671,87490,188.23,11,188.23,11,5,0
745,1330,1331,87850,495.16999999999996,3,495.16999999999996,3,1,0
373,682,683,87910,25.259999999999998,1,25.259999999999998,1,0,0
544,980,981,88750,672.29,1,672.29,1,0,0
641,1146,1147,89170,320.49,1,320.49,1,1,0
199,369,370,89470,287390.89,3,287390.89,3,1,0
305,558,559,91150,393900.38999999996,10,393900.38999999996,10,0,0
308,563,564,92530,121.83999999999999,3,121.83999999999999,3,0,0
949,81,1694,93970,1837.27,3,1837.27,3,2,0
153,284,285,95890,215.5,9,215.5,9,1,0
890,159,1589,95890,315750.79,4,315750.79,4,1,0
65,33,121,96250,360631.8,1,360631.8,1,2,0
24,46,47,98770,2276.56,1,2276.56,1,1,0
567,1020,1020,101950,4189.639999999999,0,625.54,1,4,0
369,674,675,103810,13884.46,1,13884.46,1,1,0
896,1600,1601,103810,21301.68,3,21301.68,3,1,0
222,81,409,104110,1120.27,3,1120.27,3,1,0
553,995,996,106270,0.06307499999999999,14,0.06307499999999999,14,6,0
469,845,846,107170,267.33,1,267.33,1,1,0
565,327,1017,108370,768715885.93,6,768715885.93,6,1,0
798,1427,1428,108370,11584.519999999999,1,11584.519999999999,1,0,0
782,1398,1399,108550,3333109.5,8,3333109.5,8,1,0
382,81,697,108610,6665.2,3,6665.2,3,1,0
828,1482,1483,109270,586.43,1,586.43,1,0,0
735,1312,1313,109570,5157.33,1,5157.33,1,1,0
250,457,458,109870,74806.70999999999,1,74806.70999999999,1,1,0
771,1378,1379,109990,51597.25,8,51597.25,8,1,0
965,81,1719,113050,7971.629999999999,3,7971.629999999999,3,1,0
254,464,465,116170,160.4,3,160.4,3,1,0
243,444,445,117190,3562475.7199999997,6,3562475.7199999997,6,4,0
822,1472,1472,117550,139.26,3,163.19,1,4,0
821,1470,1471,118090,7740.7699999999995,1,7740.7699999999995,1,1,0
46,86,87,119950,14861.15,10,14861.15,10,0,0
194,360,361,123730,11209.21,11,11209.21,11,4,0
104,191,192,128710,690.76,3,690.76,3,1,0
671,33,1198,128830,6548.599999999999,1,6548.599999999999,1,0,0
321,587,588,129490,246163.62999999998,2,246163.62999999998,2,1,0
659,1177,1178,129910,3441.0899999999997,1,3441.0899999999997,1,1,0
242,159,443,129970,647.62,4,647.62,4,2,0
223,410,411,130330,2651.64,1,2651.64,1,4,0
64,119,120,131530,143936.24,13,143936.24,13,0,0
688,1227,1228,132910,367691.07999999996,7,367691.07999999996,7,0,0
12,23,24,133090,2256.02,1,2256.02,1,1,0
502,905,906,133450,3044702.9699999997,8,3044702.9699999997,8,0,0
316,578,579,133750,221.29999999999998,1,221.29999999999998,1,1,0
795,1422,1423,137650,28210684.009999998,1,28210684.009999998,1,1,0
618,33,1106,138190,112.85,1,112.85,1,2,0
45,84,85,140650,148759.61,6,148759.61,6,1,0
172,318,319,142870,3578.5099999999997,2,3578.5099999999997,2,2,0
424,769,770,142930,111.05,1,111.05,1,1,0
19,37,38,145390,1899.99,1,1899.99,1,4,0
445,804,805,145510,2588.2799999999997,1,2588.2799999999997,1,2,0
524,944,945,146110,51.4,3,51.4,3,1,0
474,855,856,147010,2736.1299999999996,13,2736.1299999999996,13,1,0
376,687,688,147370,2329.16,3,2329.16,3,0,0
415,756,757,148090,2188.94,2,2188.94,2,0,0
716,1277,1278,149050,28772.76,7,28772.76,7,1,0
190,352,353,151030,699.24,2,699.24,2,4,0
610,1091,1092,155170,6413.299999999999,1,6413.299999999999,1,2,0
752,350,1343,155470,0.027125,14,0.027125,14,6,0
165,306,307,156070,81.2,3,81.2,3,1,0
999,1779,1780,159370,3050.8199999999997,12,3050.8199999999997,12,0,0
112,207,208,160630,773.62,3,773.62,3,0,0
829,1484,1485,160870,0.024561,14,0.024561,14,6,0
886,1582,1583,161170,2818.64,1,2818.64,1,1,0
451,816,817,161950,149.93,3,149.93,3,5,0
894,1596,1597,162610,80.2,0,80.2,0,4,0
706,1258,1259,165310,170.26999999999998,1,170.26999999999998,1,4,0
930,1658,1659,165850,327464.08999999997,0,327464.08999999997,0,4,0
82,151,152,167770,328.53,3,328.53,3,2,0
624,1117,1118,168910,11186.6,1,11186.6,1,1,0
186,344,345,169810,6479.37,10,6479.37,10,4,0
206,382,383,170830,1100.68,1,1100.68,1,0,0
237,433,434,171010,309.31,4,309.31,4,0,0
693,81,1237,171130,2610.44,3,2610.44,3,0,0
694,1238,1239,171190,307.94,3,307.94,3,1,0
672,1199,1200,171490,73.95,3,73.95,3,4,0
130,239,240,172270,38.23,3,38.23,3,0,0
900,1605,1606,173290,981.62,3,981.62,3,1,0
201,373,374,173350,18.4,1,18.4,1,0,0
225,413,414,173590,157.13,2,157.13,2,0,0
263,480,481,173590,296.47999999999996,0,296.47999999999996,0,0,0
554,997,998,174190,4.6899999999999995,3,4.6899999999999995,3,0,0
344,33,629,176230,85.58999999999999,1,85.58999999999999,1,2,0
575,1031,1032,179530,3378.85,4,3378.85,4,4,0
948,1692,1693,180670,2708.77,1,2708.77,1,1,0
210,81,390,180910,337.59,3,337.59,3,2,0
463,33,835,181510,2942.52,1,2942.52,1,1,0
273,498,499,182050,5098.11,12,5098.11,12,1,0
647,1157,1158,184150,370.7,4,370.7,4,0,0
187,346,347,185170,12832.189999999999,3,12832.189999999999,3,0,0
991,1764,1765,185770,2517.25,11,2517.25,11,1,0
799,1429,1430,185830,61228.009999999995,0,61228.009999999995,0,1,0
786,1406,1407,185950,252.03,1,252.03,1,1,0
213,393,394,187210,159.0,1,159.0,1,0,0
39,74,75,188290,575.6899999999999,3,575.6899999999999,3,0,0
311,568,569,188350,0.040213,14,0.040213,14,6,1
989,1760,1761,188470,622.3399999999999,1,622.3399999999999,1,1,0
715,1275,1276,188770,197.17,12,197.17,12,0,0
79,146,147,189610,436.34999999999997,1,436.34999999999997,1,1,0
325,594,595,189790,38990.299999999995,10,38990.299999999995,10,1,0
832,1489,1490,191950,721.61,3,721.61,3,5,0
406,740,741,195550,326403.32999999996,10,326403.32999999996,10,4,0
523,943,943,196930,215.25,1,196.95999999999998,4,4,0
818,1464,1465,200770,262092.89,8,262092.89,8,0,0
438,792,793,201070,1775795.5,8,1775795.5,8,4,0
915,1634,1635,201370,0.117655,14,0.117655,14,6,0
56,104,105,201670,146.81,11,146.81,11,0,0
682,1216,1217,202030,3018.64,1,3018.64,1,1,0
258,472,473,203950,634.92,3,634.92,3,2,0
270,492,493,204730,1552.4199999999998,12,1552.4199999999998,12,1,0
27,52,53,207310,79.56,4,79.56,4,1,0
413,327,754,207670,219664.12999999998,6,219664.12999999998,6,2,0
126,231,232,207730,244.07999999999998,1,244.07999999999998,1,1,0
334,611,612,208210,617835.72,6,617835.72,6,0,0
792,1417,1418,208330,1597.59,1,1597.59,1,2,0
875,1564,1565,208330,723.27,3,723.27,3,1,0
480,865,866,208690,17399.57,1,17399.57,1,1,0
878,1569,1570,209770,96.33999999999999,5,96.33999999999999,5,1,0
748,1336,1337,210730,38165.45,8,38165.45,8,4,0
979,81,1743,211090,949.92,3,949.92,3,0,0
169,312,313,211450,7466.61,1,7466.61,1,2,0
361,660,661,211810,2485532.58,13,2485532.58,13,1,0
307,561,562,213370,170.38,1,170.38,1,0,0
322,589,590,213730,50.89,12,50.89,12,0,0
31,33,59,214630,7526.42,1,7526.42,1,0,0
993,1768,1769,216010,22500.44,3,22500.44,3,0,0
459,829,830,216970,1364.27,10,1364.27,10,1,0
138,254,255,217690,11112.519999999999,1,11112.519999999999,1,0,0
269,490,491,217690,994757.21,0,994757.21,0,4,0
124,33,228,220690,2240.08,1,2240.08,1,0,0
591,1057,1058,220870,130.54,1,130.54,1,1,0
294,537,538,221890,765.2199999999999,1,765.2199999999999,1,2,0
589,81,1055,222970,29.16,3,29.16,3,2,0
349,638,639,225370,110083.73,0,110083.73,0,0,0
728,1299,1300,226330,1858.32,3,1858.32,3,0,0
773,1382,1383,228070,117.42,1,117.42,1,1,0
780,1395,1396,228730,26334.219999999997,10,26334.219999999997,10,1,0
520,937,938,228910,356.9,1,356.9,1,0,0
267,327,487,229330,31640.399999999998,6,31640.399999999998,6,0,0
228,418,419,232390,399.07,1,399.07,1,0,0
299,547,548,232510,63.51,1,63.51,1,0,0
905,1614,1615,233170,15785.849999999999,4,15785.849999999999,4,4,0
508,416,916,233590,7573.83,7,7573.83,7,1,0
110,203,204,233710,8257.17,6,8257.17,6,0,0
128,235,236,235750,156.37,1,156.37,1,2,0
209,388,389,237850,21405.62,10,21405.62,10,4,0
343,33,628,237910,1246.06,1,1246.06,1,2,0
980,1744,1745,237970,744.4599999999999,1,744.4599999999999,1,2,0
355,649,650,238330,17114.68,2,17114.68,2,1,0
970,1728,1729,239830,1989.4099999999998,1,1989.4099999999998,1,5,0
992,1766,1767,240490,1960.6,3,1960.6,3,0,0
585,1048,1049,240790,482.69,1,482.69,1,0,0
173,320,321,241570,1594.3799999999999,1,1594.3799999999999,1,1,0
686,1223,1224,242350,248.1,3,248.1,3,5,0
570,1025,1026,242410,12163.199999999999,1,12163.199999999999,1,0,0
320,585,586,243310,466.03,1,466.03,1,1,0
80,148,149,243790,39.75,1,39.75,1,1,0
557,1003,1004,244330,11.549999999999999,1,11.549999999999999,1,4,0
353,646,647,246490,0.266293,14,0.266293,14,6,0
712,1269,1270,246910,3086.93,3,3086.93,3,0,0
755,1348,1349,246910,85484.19,6,85484.19,6,1,0
919,1641,1642,246910,926.66,3,926.66,3,1,0
726,1295,1296,247750,716.81,13,716.81,13,1,0
289,528,529,248410,48108.28,6,48108.28,6,1,0
178,329,280,249730,1832.9099999999998,10,1832.9099999999998,10,5,0
521,939,940,251590,6243.99,1,6243.99,1,1,0
550,990,991,252610,19.55,1,19.55,1,4,0
653,1168,1169,252610,81134.67,8,81134.67,8,4,0
539,971,972,253510,61713.31,1,61713.31,1,1,0
953,416,1699,255910,7324.13,7,7324.13,7,2,0
975,1737,1738,258670,539.88,1,539.88,1,2,0
612,1095,1096,258970,849.77,13,849.77,13,2,0
928,1654,1655,259150,587.06,3,587.06,3,1,0
26,50,51,259210,116.85,3,116.85,3,0,0
555,999,1000,260470,215.32,3,215.32,3,0,0
738,1317,1318,261250,68.53,3,68.53,3,2,0
274,81,500,262570,197567.25999999998,3,197567.25999999998,3,1,0
707,1260,1261,263470,243.20999999999998,1,243.20999999999998,1,5,0
853,1526,1527,264610,0.003084,14,0.003084,14,6,0
646,1155,1156,264730,370760.1,7,370760.1,7,0,0
668,855,1193,266590,10261.71,13,10261.71,13,1,0
535,964,965,267310,895.4,1,895.4,1,1,0
323,591,592,268570,23290.86,13,23290.86,13,1,0
297,543,544,269590,22.57,1,22.57,1,5,0
53,99,100,271150,1062.95,1,1062.95,1,1,0
317,580,581,273010,441933.24,2,441933.24,2,1,0
403,735,736,273190,837.4699999999999,2,837.4699999999999,2,0,0
136,33,251,274570,114.42999999999999,1,114.42999999999999,1,2,0
990,1762,1763,274570,75116.43,12,75116.43,12,4,0
643,1149,1150,274870,16.06,1,16.06,1,2,0
420,762,763,275590,7981.46,1,7981.46,1,0,0
705,318,1257,279430,2100.14,2,2100.14,2,1,0
444,802,803,282070,114.94,1,114.94,1,1,0
76,140,141,283030,160.51,1,160.51,1,1,0
493,890,891,284890,158.65,3,158.65,3,4,0
400,729,730,286030,2019.33,3,2019.33,3,0,0
729,1301,1302,286030,27.689999999999998,12,27.689999999999998,12,5,0
708,1262,1263,286210,1945.7099999999998,3,1945.7099999999998,3,1,0
593,1061,1062,286510,11686.539999999999,7,11686.539999999999,7,2,0
501,903,904,288010,14.87,3,14.87,3,1,0
742,1325,1326,288130,332.84,1,332.84,1,1,0
14,27,28,288910,177.03,1,177.03,1,0,0
266,485,486,289870,503.15999999999997,3,503.15999999999997,3,4,0
476,859,860,291910,5079255.6899999995,13,5079255.6899999995,13,4,0
341,625,626,292630,44026.09,1,44026.09,1,4,0
790,1413,1414,294430,16528.28,8,16528.28,8,0,0
809,1448,1449,295090,7.01,3,7.01,3,4,0
218,402,403,295510,28833.739999999998,10,28833.739999999998,10,1,0
969,1726,1727,296230,2293.12,1,2293.12,1,0,0
968,1724,1725,297370,1735.32,3,1735.32,3,1,0
300,549,550,299410,1094.6,0,1094.6,0,0,0
429,777,778,299590,959.6099999999999,0,959.6099999999999,0,2,0
950,81,1695,300490,233.85,3,233.85,3,1,0
661,1181,1182,300790,411.02,0,411.02,0,1,0
214,395,396,300910,33.413491,14,33.413491,14,6,0
566,1018,1019,301030,13444.949999999999,12,13444.949999999999,12,4,0
725,1293,1294,302170,10114.57,6,10114.57,6,2,0
34,64,65,302830,18.3,1,18.3,1,1,0
870,1554,1555,303370,1612.6,3,1612.6,3,1,0
324,350,593,303730,0.14968499999999998,14,0.14968499999999998,14,6,0
391,711,712,304570,3519.68,2,3519.68,2,1,0
784,1402,1403,305170,6285.58,11,6285.58,11,0,0
639,1142,1143,306130,40613.56,1,40613.56,1,2,0
730,1303,1304,306190,3118.12,6,3118.12,6,4,0
910,1624,1625,308410,3858.3999999999996,13,3858.3999999999996,13,0,0
83,153,154,308470,136.04999999999998,1,136.04999999999998,1,1,0
762,1360,1361,310510,1114.1399999999999,0,1114.1399999999999,0,1,0
864,1544,1545,310990,5218.66,11,5218.66,11,4,0
43,81,82,313330,73.81,3,73.81,3,0,0
423,767,768,313630,10162.5,1,10162.5,1,2,0
607,1085,1086,313990,361.26,1,361.26,1,1,0
410,748,749,314470,317.99,1,317.99,1,0,0
175,324,325,314530,5571.0199999999995,1,5571.0199999999995,1,1,0
163,303,304,314950,10629.23,9,10629.23,9,0,0
889,1587,1588,315670,67.64,1,67.64,1,1,0
367,670,671,315790,130.35,1,130.35,1,4,0
634,1135,1136,316150,4447.58,1,4447.58,1,4,0
955,1702,1703,316150,47247.78,6,47247.78,6,1,0
697,1243,1244,316390,0.021314,14,0.021314,14,6,0
811,1451,1452,317650,330.03999999999996,3,330.03999999999996,3,2,0
203,377,378,317770,2795.62,1,2795.62,1,0,0
937,1672,1673,318490,3105.69,3,3105.69,3,1,0
198,367,368,319030,11412092.18,10,11412092.18,10,1,0
902,1609,1610,319990,363.10999999999996,1,363.10999999999996,1,1,0
684,453,1220,322390,27387.51,12,27387.51,12,1,0
946,1688,1689,323890,39902.979999999996,8,39902.979999999996,8,1,0
511,921,922,324490,686.6,13,686.6,13,1,0
934,1666,1667,324790,0.007514,14,0.007514,14,6,0
957,1706,1707,324910,0.470589,14,0.470589,14,6,0
831,1487,1488,326230,80.47,5,80.47,5,5,0
727,1297,1298,328090,1265.78,1,1265.78,1,5,0
621,1111,1112,329050,11187.05,1,11187.05,1,1,0
692,1235,1236,329950,274.77,5,274.77,5,1,0
836,1496,1497,330370,16113.119999999999,11,16113.119999999999,11,2,0
401,731,732,330970,244.57999999999998,1,244.57999999999998,1,0,0
453,819,820,335830,517.68,1,517.68,1,0,0
162,301,302,336790,972.9699999999999,1,972.9699999999999,1,0,0
204,379,380,337210,3066.52,3,3066.52,3,1,0
763,1362,1363,338350,525.55,1,525.55,1,1,0
144,266,267,338710,715.4699999999999,4,715.4699999999999,4,0,0
808,1446,1447,338710,416839.11,8,416839.11,8,0,0
844,1509,1510,340390,4253.99,10,4253.99,10,5,0
481,867,868,341170,6973.849999999999,1,6973.849999999999,1,0,0
531,956,957,342730,61.43,12,61.43,12,2,0
747,1334,1335,346630,4658.91,0,4658.91,0,4,0
974,1735,1736,346630,149.47,1,149.47,1,0,0
260,476,477,347110,591.67,11,591.67,11,2,0
292,534,535,348370,1293.4199999999998,1,1293.4199999999998,1,1,0
556,1001,1002,348490,392.24,9,392.24,9,4,0
933,1664,1665,348490,226.31,5,226.31,5,1,0
704,1255,1256,349390,2958.44,1,2958.44,1,2,0
121,223,224,350290,331211.85,8,331211.85,8,0,0
598,1069,1070,351010,121.66999999999999,4,121.66999999999999,4,4,0
741,1323,1324,351010,327.77,3,327.77,3,4,0
676,1206,1207,352870,71.7,1,71.7,1,1,0
140,258,259,353350,155.09,1,155.09,1,0,0
680,1213,1214,353650,134.63,4,134.63,4,4,0
827,1480,1481,354370,122.71,1,122.71,1,4,0
238,435,436,355690,15900.3,3,15900.3,3,0,0
394,717,718,357670,318.24,13,318.24,13,4,0
580,1039,1040,358030,1331.22,1,1331.22,1,1,0
370,676,677,358450,373518.35,3,373518.35,3,1,0
102,187,188,359350,363.09999999999997,1,363.09999999999997,1,1,0
354,81,648,360070,69.64999999999999,3,69.64999999999999,3,1,0
802,1434,1435,361270,31.09,3,31.09,3,1,0
703,1253,1254,361930,1942.3699999999999,1,1942.3699999999999,1,0,0
182,336,337,363730,381990.17,3,381990.17,3,1,0
542,81,977,364570,18.09,3,18.09,3,2,0
94,173,174,365470,4807.32,3,4807.32,3,0,0
342,494,627,366070,57097.29,0,57097.29,0,1,0
723,1290,1291,367090,34923.01,8,34923.01,8,0,0
841,1503,1504,368110,14973.49,6,14973.49,6,1,0
943,1460,1684,368530,38.019999999999996,3,38.019999999999996,3,1,0
85,157,158,369070,243.45999999999998,1,243.45999999999998,1,1,0
882,33,1575,369610,4650.0199999999995,1,4650.0199999999995,1,1,0
486,877,878,370330,185.01999999999998,1,185.01999999999998,1,0,0
510,919,920,370630,1137.9099999999998,3,1137.9099999999998,3,4,0
895,1598,1599,371770,2495.49,1,2495.49,1,1,0
962,1713,1714,371830,35.65,5,35.65,5,2,0
101,185,186,372010,1455.31,9,1455.31,9,0,0
537,200,968,372610,1974.1899999999998,3,1974.1899999999998,3,4,0
464,836,837,372730,274507.85,1,274507.85,1,1,0
137,252,253,373570,598.6999999999999,1,598.6999999999999,1,1,0
596,33,1066,375010,533.13,1,533.13,1,0,0
11,21,22,375370,67.6,1,67.6,1,4,0
466,81,840,375610,189.57,3,189.57,3,2,0
446,806,807,376330,1489.11,3,1489.11,3,1,0
656,1172,1173,376450,173.25,1,173.25,1,1,0
805,1440,1441,376450,12594.599999999999,3,12594.599999999999,3,0,0
259,474,475,376510,856.8199999999999,11,856.8199999999999,11,1,0
737,441,1316,378610,1124.69,1,1124.69,1,1,0
197,365,366,378670,447.34,1,447.34,1,1,0
312,570,571,380170,124.00999999999999,3,124.00999999999999,3,4,0
179,330,331,380350,48.23,4,48.23,4,5,0
779,1393,1394,380350,4657.84,5,4657.84,5,0,0
255,466,467,380590,25.06,1,25.06,1,1,0
8,16,17,381190,866.8,4,866.8,4,2,0
880,33,1572,381610,251.17999999999998,1,251.17999999999998,1,0,0
679,1211,1212,383170,661.67,2,661.67,2,1,0
533,960,961,384190,1885.81,1,1885.81,1,4,0
817,1462,1463,384670,6885.5199999999995,11,6885.5199999999995,11,1,0
395,719,720,384850,4990.44,3,4990.44,3,0,0
37,70,71,385990,14157.92,8,14157.92,8,2,0
662,1183,1184,386110,709.66,4,709.66,4,0,0
568,1021,1022,386230,1138.83,1,1138.83,1,0,0
913,1630,1631,386230,619.4,1,619.4,1,1,0
690,1231,1232,387970,684.1999999999999,1,684.1999999999999,1,1,0
455,823,823,388570,0.263307,14,0.263307,14,6,0
648,1159,1160,389350,697.64,1,697.64,1,1,0
660,1179,1180,391510,1252.3,1,1252.3,1,1,0
783,1400,1401,391510,25028.66,13,25028.66,13,1,0
594,1063,1064,391930,6434.42,3,6434.42,3,1,0
663,1185,1186,393490,1484.21,1,1484.21,1,0,0
858,1534,1535,394330,802.9499999999999,10,802.9499999999999,10,2,0
714,1273,1274,394510,253.45999999999998,4,253.45999999999998,4,4,0
869,1552,1553,394630,3.1199999999999996,4,3.1199999999999996,4,1,0
761,33,1359,394870,2651.2999999999997,1,2651.2999999999997,1,0,0
842,1505,1506,394990,19779.48,8,19779.48,8,0,0
360,658,659,396430,32314.18,2,32314.18,2,0,0
392,713,714,397750,68.94,1,68.94,1,1,0
669,1194,1195,398170,2947.87,7,2947.87,7,1,0
473,853,854,398470,821.75,2,821.75,2,0,0
146,270,271,398890,160.06,3,160.06,3,5,0
217,400,401,399010,1163.56,3,1163.56,3,1,0
132,243,244,399130,2304.67,1,2304.67,1,2,0
636,494,428,399550,55.64,0,55.64,0,0,0
371,678,679,401050,31857.34,6,31857.34,6,1,0
601,1075,1075,401650,269.61,1,380.9,12,4,0
16,31,32,401770,135.01,3,135.01,3,1,0
69,127,128,402250,0.19999999999999998,3,0.19999999999999998,3,5,0
302,553,554,402250,275.87,3,275.87,3,1,0
98,179,180,402910,120.36999999999999,2,120.36999999999999,2,0,0
617,1104,1105,403930,287562.67,6,287562.67,6,4,0
922,1647,1648,404410,3630.91,1,3630.91,1,0,0
850,1520,1521,405670,11805.779999999999,3,11805.779999999999,3,0,0
982,81,1748,406330,313.12,3,313.12,3,0,0
644,1151,1152,406870,211.98999999999998,1,211.98999999999998,1,0,0
512,923,924,408250,2794.5699999999997,1,2794.5699999999997,1,0,0
49,91,92,408610,1221.4299999999998,1,1221.4299999999998,1,0,0
637,1138,1139,409510,973.24,3,973.24,3,0,0
30,57,58,409570,575.86,0,575.86,0,1,0
450,814,815,409990,838.39,2,838.39,2,0,0
234,429,430,411010,331.53999999999996,5,331.53999999999996,5,0,0
638,1140,1141,411010,5238.24,1,5238.24,1,0,0
145,268,269,411070,143.07999999999998,1,143.07999999999998,1,0,0
10,19,20,411250,1451.6799999999998,1,1451.6799999999998,1,1,0
282,515,516,411490,11606.76,1,11606.76,1,1,0
171,316,317,412390,2781.92,1,2781.92,1,0,0
619,1107,1108,415570,185.23999999999998,1,185.23999999999998,1,1,0
538,969,970,415990,19357.719999999997,3,19357.719999999997,3,5,0
113,209,210,416350,24693236.0,10,24693236.0,10,2,0
865,1546,1547,416770,9921.23,11,9921.23,11,0,0
148,274,275,420370,464614.37,11,464614.37,11,1,0
412,752,753,420430,1023.25,11,1023.25,11,0,0
806,1442,1443,421390,4363707.319999999,0,4363707.319999999,0,2,0
573,589,1029,422530,1747.58,12,1747.58,12,2,0
652,33,1167,423550,2.54,1,2.54,1,2,0
940,1678,1679,423730,5250.98,3,5250.98,3,5,0
803,1436,1437,424990,464.65,1,464.65,1,5,0
740,1321,1322,425710,305.66999999999996,1,305.66999999999996,1,1,0
887,1188,1584,426610,64.25999999999999,5,64.25999999999999,5,0,0
995,33,1772,426970,17550.68,1,17550.68,1,2,0
478,862,863,427390,2147.3399999999997,3,2147.3399999999997,3,0,0
861,1540,1541,428050,315.39,9,315.39,9,1,0
987,81,1757,428170,293.66999999999996,3,293.66999999999996,3,1,0
733,1308,1309,429010,10425.08,6,10425.08,6,4,0
131,241,242,429610,810.5799999999999,3,810.5799999999999,3,0,0
111,205,206,430330,0.020353,14,0.020353,14,6,0
419,761,761,431590,0.511108,14,0.511108,14,6,0
91,167,168,431830,276089.57,1,276089.57,1,1,0
499,899,900,432130,42.129999999999995,1,42.129999999999995,1,0,0
721,1286,1287,432550,1358.8699999999999,1,1358.8699999999999,1,0,0
42,79,80,432730,38.94,1,38.94,1,0,0
666,1190,1191,433630,209.53,3,209.53,3,0,0
139,256,257,436030,273.57,1,273.57,1,5,0
812,498,1453,440350,1378825.1099999999,12,1378825.1099999999,12,4,0
683,1218,1219,441070,1914.8,3,1914.8,3,4,0
833,1491,1492,442390,28.889999999999997,3,28.889999999999997,3,1,0
527,949,950,442450,24066.95,7,24066.95,7,0,0
852,1524,1525,444310,230.35999999999998,1,230.35999999999998,1,0,0
487,879,880,445270,11478.49,7,11478.49,7,0,0
856,416,1532,445270,1065053.3299999998,7,1065053.3299999998,7,0,0
849,1518,1519,448150,101.00999999999999,3,101.00999999999999,3,0,0
72,132,133,451750,2512.39,1,2512.39,1,4,0
770,1376,1377,455290,25197.149999999998,1,25197.149999999998,1,1,0
275,501,502,458110,5876.25,11,5876.25,11,1,0
327,598,599,460690,2429.12,3,2429.12,3,4,0
460,831,832,464410,178.44,3,178.44,3,1,0
701,1249,1250,465670,2280.12,3,2280.12,3,1,0
5,10,11,466630,0.89,3,0.89,3,0,0
964,1717,1718,468190,400146.01999999996,5,400146.01999999996,5,2,0
702,1251,1252,470230,3040.1499999999996,3,3040.1499999999996,3,4,0
881,1573,1574,471190,3369.2599999999997,3,3369.2599999999997,3,1,0
265,483,484,471550,504.69,1,504.69,1,1,0
824,1474,1475,474850,14262.46,3,14262.46,3,4,0
430,779,780,476110,32.64,1,32.64,1,4,0
519,935,936,477190,2300.21,3,2300.21,3,1,0
509,917,918,478090,559.4,1,559.4,1,1,0
306,33,560,482530,56.989999999999995,1,56.989999999999995,1,0,0
181,334,335,484090,2119.29,1,2119.29,1,0,0
357,653,654,486910,102252.79,4,102252.79,4,2,0
211,209,391,487870,31304.16,10,31304.16,10,0,0
862,1542,1542,495790,0.054620999999999996,14,0.054620999999999996,14,6,0
758,1354,1355,495970,2471.39,4,2471.39,4,5,0
399,727,728,499750,14497.199999999999,0,14497.199999999999,0,4,0
560,1008,1009,506650,26515.649999999998,10,26515.649999999998,10,0,0
352,644,645,508990,151.16,5,151.16,5,0,0
562,1012,1013,513550,2816.6,4,2816.6,4,1,0
874,1562,1563,670690,1288.8699999999999,3,1288.8699999999999,3,4,1
