Timestamp,From Bank,Account,To Bank,Account.1,Amount Received,Receiving Currency,Amount Paid,Payment Currency,Payment Format,Is Laundering
2022/09/05 18:47,29944,8047CD800,9608,804F40780,15317.33,Yuan,15317.33,Yuan,Credit Card,0
2022/09/05 00:47,1068,800E80030,27637,80508CCE0,58.68,US Dollar,58.68,US Dollar,Cheque,0
2022/09/01 05:24,245748,811323FC0,43049,8113316E0,11707.58,Shekel,11707.58,Shekel,Cheque,0
2022/09/04 02:50,129470,80DE08E70,27954,81385BAD0,4753.39,US Dollar,4753.39,US Dollar,Cheque,0
2022/09/05 10:57,2843,8005DB5B0,10,800BA6F90,7.56,US Dollar,7.56,US Dollar,Cheque,0
2022/09/10 09:37,11,800247C80,3335,802407CE0,0.89,Euro,0.89,Euro,Credit Card,0
2022/09/04 03:43,117907,80B8468E0,33245,80E091420,7675.05,Euro,7675.05,Euro,Cheque,0
2022/09/01 21:33,44041,811CFDEA0,4866,81425AAC0,501.02,US Dollar,501.02,US Dollar,Credit Card,0
2022/09/09 09:53,139298,80E9CF690,116,80E9D4AE0,866.8,Swiss Franc,866.8,Swiss Franc,Cash,0
2022/09/01 00:22,29788,80F001A30,29788,80F001A30,5487546.76,Yuan,5487546.76,Yuan,Reinvestment,0
2022/09/09 18:14,2843,801C389A0,12381,80A53D0D0,1451.68,US Dollar,1451.68,US Dollar,Cheque,0
2022/09/09 08:16,21258,800FBC040,226951,80E356C90,67.6,US Dollar,67.6,US Dollar,ACH,0
2022/09/06 12:58,18902,80AA80EF0,111443,80E0A4020,2256.02,US Dollar,2256.02,US Dollar,Cheque,0
2022/09/01 18:21,7,8076D36B0,211,808AA8EA0,89.23,UK Pound,89.23,UK Pound,Wire,0
2022/09/08 08:15,2843,8005B9380,1,803203130,177.03,US Dollar,177.03,US Dollar,Credit Card,0
2022/09/02 16:47,313564,805885000,14766,805880CA0,42150.63,Rupee,42150.63,Rupee,ACH,0
2022/09/09 15:36,120709,80811F6C0,17861,808F41C80,135.01,Euro,135.01,Euro,Cheque,0
2022/09/01 22:28,70,100428660,16136,807196370,145.96,US Dollar,145.96,US Dollar,Cheque,0
2022/09/01 23:21,123288,80DF86440,35670,813634560,5480.26,US Dollar,5480.26,US Dollar,Cheque,0
2022/09/06 16:23,21940,801784610,4242,8022C0940,1899.99,US Dollar,1899.99,US Dollar,ACH,0
2022/09/05 05:31,21174,805158710,1292,8103D74F0,68.0,US Dollar,68.0,US Dollar,Credit Card,0
2022/09/01 04:11,4600,8024F36A0,4600,8024F36A0,9.58,Euro,9.58,Euro,Reinvestment,0
2022/09/02 20:00,28800,803470FB0,2385,806265D00,3727.73,US Dollar,3727.73,US Dollar,Credit Card,0
2022/09/01 15:14,701,800832240,2824,80148E080,382.4,US Dollar,382.4,US Dollar,Cash,0
2022/09/06 03:26,22164,807A27410,1688,80B56E8F0,2276.56,US Dollar,2276.56,US Dollar,Cheque,0
2022/09/02 15:33,38618,8042A5190,1047,8042A5050,78.77,US Dollar,78.77,US Dollar,Cheque,0
2022/09/08 00:00,23344,803F0D320,14011,80775F390,116.85,Euro,116.85,Euro,Credit Card,0
2022/09/07 09:35,39721,80E9E6F20,241121,80FB67F10,79.56,Swiss Franc,79.56,Swiss Franc,Cheque,0
2022/09/02 12:19,70,100428660,11318,806646150,34.27,US Dollar,34.27,US Dollar,Credit Card,0
2022/09/01 11:38,23146,802F83210,131808,80D6B7030,2698.38,Yuan,2698.38,Yuan,Cheque,0
2022/09/09 17:46,1267,803107AE0,23146,80314E4C0,575.86,Yuan,575.86,Yuan,Cheque,0
2022/09/07 11:37,70,100428660,22732,80BFEBFF0,7526.42,US Dollar,7526.42,US Dollar,Credit Card,0
2022/09/01 00:22,32790,804DD0170,211164,804DCEB30,3645.84,Euro,3645.84,Euro,ACH,0
2022/09/05 05:17,1267,80216EE30,3,812F3D130,582360.87,Yuan,582360.87,Yuan,Cheque,0
2022/09/08 12:07,116214,8066F9940,1124,807DCF900,18.3,US Dollar,18.3,US Dollar,Cheque,0
2022/09/04 16:31,16678,806182820,16678,806B385F0,4373.72,Ruble,4373.72,Ruble,Credit Card,0
2022/09/03 16:50,29089,80D6220D0,12359,80D622210,56857.0,US Dollar,56857.0,US Dollar,ACH,0
2022/09/09 11:13,70,100428738,15,803A77D30,14157.92,Yen,14157.92,Yen,Cash,0
2022/09/02 08:52,348953,8124269C0,48211,81241F9C0,831.46,Saudi Riyal,831.46,Saudi Riyal,ACH,0
2022/09/07 04:18,16991,806BE06F0,27103,8129735C0,575.69,Euro,575.69,Euro,Credit Card,0
2022/09/01 19:06,13917,80ACA37F0,13917,80ACA37F0,2849.21,US Dollar,2849.21,US Dollar,Reinvestment,0
2022/09/01 12:11,112,8000CDD30,117,80DBF76C0,87927.14,Swiss Franc,87927.14,Swiss Franc,Cheque,0
2022/09/10 00:12,132921,80DFCD940,115700,8107A27B0,38.94,US Dollar,38.94,US Dollar,Credit Card,0
2022/09/08 15:02,70,1004286A8,410,801F0C090,73.81,Euro,73.81,Euro,Credit Card,0
2022/09/01 00:17,3673,8003B03F0,3673,8003B03F0,862.27,US Dollar,862.27,US Dollar,Reinvestment,0
2022/09/06 15:04,12,804C993A0,112637,804F03720,148759.61,Rupee,148759.61,Rupee,Cheque,0
2022/09/06 09:19,27,80B7586A0,28,80C1EED00,14861.15,Mexican Peso,14861.15,Mexican Peso,Credit Card,0
2022/09/01 02:55,70,100428660,37969,810511640,11483117.77,US Dollar,11483117.77,US Dollar,Cash,0
2022/09/05 20:03,10099,803AF11E0,9679,803C31A60,99171.38,Yen,99171.38,Yen,Cash,0
2022/09/09 17:30,15980,80356FCE0,7042,80A73C6D0,1221.43,US Dollar,1221.43,US Dollar,Credit Card,0
2022/09/04 06:49,1,810C480A0,14077,8135C7490,35.26,US Dollar,35.26,US Dollar,ACH,0
2022/09/02 03:12,310116,803FA4D50,10605,803FB0B80,60653.35,Yen,60653.35,Yen,Cash,0
2022/09/01 21:48,10,800788330,111764,80F6412E0,1200.93,US Dollar,1200.93,US Dollar,Cheque,0
2022/09/08 03:19,120438,811DE2050,146713,8121B6DB0,1062.95,US Dollar,1062.95,US Dollar,Cheque,0
2022/09/01 03:20,3,804F41AF0,3,804F41AF0,102.03,Yuan,102.03,Yuan,Reinvestment,0
2022/09/01 16:58,21745,801272B20,23555,8014BC920,380.4,Euro,380.4,Euro,Cheque,0
2022/09/07 08:01,225215,8095031B0,125633,8096D1500,146.81,Canadian Dollar,146.81,Canadian Dollar,Credit Card,0
2022/09/02 14:27,351142,812BCDD10,221282,812BC8040,1633.89,US Dollar,1633.89,US Dollar,Cheque,0
2022/09/04 17:24,14549,801A92D30,22205,801AB9890,302.77,US Dollar,302.77,US Dollar,Cheque,0
2022/09/02 04:21,131380,80ED45210,115656,80ED3A7B0,4090.65,Euro,4090.65,Euro,ACH,0
2022/09/01 19:10,1124,800FFB760,1124,800FFB760,12.64,US Dollar,12.64,US Dollar,Reinvestment,0
2022/09/02 00:09,28237,80A7A2B00,128557,80A9E93B0,32.81,Australian Dollar,32.81,Australian Dollar,Credit Card,0
2022/09/02 04:36,20,8008AA720,21831,80B4EDDD0,790816.94,Euro,790816.94,Euro,ACH,0
2022/09/01 09:38,1,800559860,1729,800779820,1664243.96,US Dollar,1664243.96,US Dollar,Wire,0
2022/09/06 12:32,211,80CE584E0,134920,80CF15B90,143936.24,Brazil Real,143936.24,Brazil Real,Credit Card,0
2022/09/06 02:44,70,100428660,12,80719B070,360631.8,US Dollar,360631.8,US Dollar,Cash,0
2022/09/05 05:57,117299,80667F6C0,40188,81118CD10,373.36,US Dollar,373.36,US Dollar,Cheque,0
2022/09/04 19:18,7478,803C84530,38486,811F58FC0,7196.39,US Dollar,7196.39,US Dollar,Credit Card,0
2022/09/01 00:15,1411,800FCCBB0,1411,800FCCBB0,7.66,US Dollar,7.66,US Dollar,Reinvestment,0
2022/09/09 15:44,7675,803D80570,19023,808DEC6E0,0.2,Euro,0.2,Euro,Wire,0
2022/09/01 23:06,211,8076FD080,212,807ED9FA0,688.32,UK Pound,688.32,UK Pound,Credit Card,0
2022/09/01 01:45,10642,81481D720,10642,81481D720,4.5,US Dollar,4.5,US Dollar,Reinvestment,0
2022/09/10 05:29,11642,807968EB0,15723,80DFE5030,2512.39,US Dollar,2512.39,US Dollar,ACH,0
2022/09/02 23:35,795,8013DE440,21174,8017E7440,9769.92,US Dollar,9769.92,US Dollar,Cheque,0
2022/09/02 11:11,1501,8014C80B0,1665,804CE4360,24021.72,Euro,24021.72,Euro,Cheque,0
2022/09/02 09:46,313011,804FBEE50,113304,804FBEEF0,18092.49,Rupee,18092.49,Rupee,ACH,0
2022/09/08 06:37,214609,808D23B30,1853,80DA81AF0,160.51,US Dollar,160.51,US Dollar,Cheque,0
2022/09/01 10:08,1522,8005ED550,15055,802665250,167.13,Euro,167.13,Euro,Wire,0
2022/09/02 15:49,23402,803320ED0,243805,81425E5B0,842.94,US Dollar,842.94,US Dollar,Cheque,0
2022/09/07 04:40,3144,806574940,8771,806E1ED40,436.35,US Dollar,436.35,US Dollar,Cheque,0
2022/09/07 19:43,10,80013D100,124290,80B7DEB40,39.75,US Dollar,39.75,US Dollar,Cheque,0
2022/09/01 19:25,328368,80A6D97F0,328368,80A6D97F0,954.81,Australian Dollar,954.81,Australian Dollar,Reinvestment,0
2022/09/06 22:36,21918,800AB2F10,11,801638B00,328.53,Euro,328.53,Euro,Cash,0
2022/09/08 13:41,6179,805A76A50,2053,80A2B9260,136.05,US Dollar,136.05,US Dollar,Cheque,0
2022/09/04 06:16,113798,807F1DD50,4403,8118ECBA0,167.74,US Dollar,167.74,US Dollar,ACH,0
2022/09/09 06:31,12585,8081E6880,22732,80BD9A290,243.46,US Dollar,243.46,US Dollar,Cheque,0
2022/09/01 03:04,70,100428978,117,80FBFE630,422.13,Swiss Franc,422.13,Swiss Franc,Cheque,0
2022/09/05 12:46,227720,80BB11780,113090,81187ADD0,358233.07,Rupee,358233.07,Rupee,Cheque,0
2022/09/01 00:28,210617,812633D90,210617,812633D90,5886933.86,Euro,5886933.86,Euro,Reinvestment,0
2022/09/01 00:17,16418,80C8AD8F0,16418,80C8AD8F0,1709.59,Euro,1709.59,Euro,Reinvestment,0
2022/09/02 16:32,224449,80D9F2D40,28771,80E39F1B0,4064.67,US Dollar,4064.67,US Dollar,Cheque,0
2022/09/09 23:57,2991,8060658A0,6276,807CACED0,276089.57,US Dollar,276089.57,US Dollar,Cheque,0
2022/09/02 20:32,127999,80A96EC10,229937,80B2AA370,7528.68,Australian Dollar,7528.68,Australian Dollar,Cheque,0
2022/09/05 00:20,154477,81461ECC1,254595,8140CE2F1,0.003,Bitcoin,0.003,Bitcoin,Bitcoin,0
2022/09/09 05:31,20,8001864F0,410,800B3CA80,4807.32,Euro,4807.32,Euro,Credit Card,0
2022/09/01 00:21,16535,807A076B0,16535,807A076B0,14.69,US Dollar,14.69,US Dollar,Reinvestment,0
2022/09/02 15:43,116425,8061B0D20,16927,8062843A0,715.5,Ruble,715.5,Ruble,Cheque,0
2022/09/02 17:41,70,100428978,243157,80FB64480,6.14,Swiss Franc,6.14,Swiss Franc,Credit Card,0
2022/09/09 15:55,142836,810614350,147402,8118639C0,120.37,Shekel,120.37,Shekel,Credit Card,0
2022/09/05 04:10,10344,8091B0720,3420,80DCED030,547.77,US Dollar,547.77,US Dollar,Wire,0
2022/09/02 19:56,24856,809295C10,19,809295580,1920.74,Canadian Dollar,1920.74,Canadian Dollar,ACH,0
2022/09/09 07:20,1601,805122650,222,811A82AF0,1455.31,Saudi Riyal,1455.31,Saudi Riyal,Credit Card,0
2022/09/09 03:49,31428,8030DA740,11107,8030C7660,363.1,US Dollar,363.1,US Dollar,Cheque,0
2022/09/02 08:44,212818,804A8A4D0,13157,804F8E8E0,137164.95,Rupee,137164.95,Rupee,Cheque,0
2022/09/06 11:45,21387,800993D40,23,801E1A130,690.76,Euro,690.76,Euro,Cheque,0
2022/09/02 05:03,1547,80166AC10,12004,80207B4F0,161.53,Euro,161.53,Euro,ACH,0
2022/09/05 09:04,10,8061E9280,16649,806D70900,38547.61,Ruble,38547.61,Ruble,Credit Card,0
2022/09/02 12:43,10642,804867A50,31653,80FE91FD0,33888.4,US Dollar,33888.4,US Dollar,Cash,0
2022/09/04 04:17,1501,800AE9480,2591,800BA2130,166.93,Euro,166.93,Euro,Credit Card,0
2022/09/04 00:00,15085,80B2CFD80,22164,801CB6640,36.37,US Dollar,36.37,US Dollar,Credit Card,0
2022/09/07 16:55,112989,805689910,13154,8059858D0,8257.17,Rupee,8257.17,Rupee,Credit Card,0
2022/09/09 23:32,154365,8142846F1,152627,8144363E1,0.020353,Bitcoin,0.020353,Bitcoin,Bitcoin,0
2022/09/06 20:37,1665,8022E7800,234222,80C8A8820,773.62,Euro,773.62,Euro,Credit Card,0
2022/09/09 19:39,70,1004288E8,33884,80CDCB880,24693236.0,Mexican Peso,24693236.0,Mexican Peso,Cash,0
2022/09/02 10:58,1362,8002D6440,12,8003FF960,4.06,US Dollar,4.06,US Dollar,ACH,0
2022/09/05 13:53,1916,8029071C0,11,803CE11A0,129238.9,Euro,129238.9,Euro,Cheque,0
2022/09/01 23:56,13265,8015201C0,17321,8030C1050,691.07,Euro,691.07,Euro,Cash,0
2022/09/02 23:31,16733,80D021E30,32738,80E96F5D0,6.81,US Dollar,6.81,US Dollar,Cheque,0
2022/09/01 00:01,117304,8074FD400,117304,8074FD400,10448451.64,Ruble,10448451.64,Ruble,Reinvestment,0
2022/09/01 00:17,121987,8085F33B0,121987,8085F33B0,1026.27,UK Pound,1026.27,UK Pound,Reinvestment,0
2022/09/02 09:29,110603,806D55A20,6179,808A1BD10,149.85,US Dollar,149.85,US Dollar,Credit Card,0
2022/09/09 01:18,210319,803DF1010,9679,804438790,331211.85,Yen,331211.85,Yen,Credit Card,0
2022/09/01 04:14,6010,802C45810,6010,802C45810,300093.6,US Dollar,300093.6,US Dollar,Reinvestment,0
2022/09/03 04:06,27,80BE51C30,214,80C1DB0D0,273458.42,Mexican Peso,273458.42,Mexican Peso,Credit Card,0
2022/09/07 13:18,70,100428660,1467,801347920,2240.08,US Dollar,2240.08,US Dollar,Credit Card,0
2022/09/02 08:57,15040,8070A0F30,123997,80A75FFE0,1320.52,US Dollar,1320.52,US Dollar,Cheque,0
2022/09/07 09:42,2053,8031930E0,111491,80D7F4710,244.08,US Dollar,244.08,US Dollar,Cheque,0
2022/09/02 16:44,28693,803D5B600,219969,8085B2600,7717484.02,US Dollar,7717484.02,US Dollar,Cheque,0
2022/09/07 17:29,2824,8016F2430,29089,8143CF4A0,156.37,US Dollar,156.37,US Dollar,Cash,0
2022/09/02 13:08,122086,809719820,17729,81265B220,84021.59,US Dollar,84021.59,US Dollar,ACH,0
2022/09/06 23:51,13554,810F94260,124261,812F4CA90,38.23,Euro,38.23,Euro,Credit Card,0
2022/09/09 23:20,16991,807286390,120691,8134BF360,810.58,Euro,810.58,Euro,Credit Card,0
2022/09/09 14:52,2439,80152CEE0,18511,80D1FD880,2304.67,US Dollar,2304.67,US Dollar,Cash,0
2022/09/02 05:58,12381,804EA3CD0,18405,8073802E0,38166430.74,Ruble,38166430.74,Ruble,Credit Card,0
2022/09/01 00:13,22,80017EA20,24850,802A2A950,1896313.04,Euro,1896313.04,Euro,ACH,0
2022/09/01 16:43,31720,80C2A8200,18951,812AEFCC0,47063.95,Euro,47063.95,Euro,Cheque,0
2022/09/08 04:16,70,100428660,3149,802BC1300,114.43,US Dollar,114.43,US Dollar,Cash,0
2022/09/09 07:46,1686,807A69270,21174,8084876D0,598.7,US Dollar,598.7,US Dollar,Cheque,0
2022/09/07 12:28,1420,8002ED740,10642,8042263A0,11112.52,US Dollar,11112.52,US Dollar,Credit Card,0
2022/09/10 01:07,21940,800D0B300,23833,808290D50,273.57,US Dollar,273.57,US Dollar,Wire,0
2022/09/09 02:09,1457,805A45D70,14077,807F4DE30,155.09,US Dollar,155.09,US Dollar,Credit Card,0
2022/09/02 10:28,217950,8081434A0,12797,812F1C0C0,31.01,Euro,31.01,Euro,ACH,0
2022/09/02 06:44,213,8098D6030,125811,8098EE850,3295.44,Canadian Dollar,3295.44,Canadian Dollar,Cheque,0
2022/09/05 16:42,13264,808B39CB0,14549,8092824E0,108.55,US Dollar,108.55,US Dollar,Cash,0
2022/09/08 22:05,38478,80E8D2A10,38478,80F070010,715.47,Swiss Franc,715.47,Swiss Franc,Credit Card,0
2022/09/09 18:11,1467,8024D1940,241788,8103CCF80,143.08,US Dollar,143.08,US Dollar,Credit Card,0
2022/09/09 14:48,21831,8015AB040,214100,80DE10CB0,160.06,Euro,160.06,Euro,Wire,0
2022/09/02 02:10,26,8080D3CF0,122463,80861E0D0,235.27,UK Pound,235.27,UK Pound,ACH,0
2022/09/09 20:46,122055,8092F5FB0,19,809CF9D10,464614.37,Canadian Dollar,464614.37,Canadian Dollar,Cheque,0
2022/09/02 12:04,148016,811D57C90,222,811D6E490,845.3,Saudi Riyal,845.3,Saudi Riyal,Credit Card,0
2022/09/04 11:32,1490,800B91210,225690,810DD3480,8938.78,Euro,8938.78,Euro,Credit Card,0
2022/09/05 09:14,27,80BD1BB60,12,80CB6A4E0,928143.1,Mexican Peso,928143.1,Mexican Peso,Cash,0
2022/09/05 03:29,121987,8084E65D0,122332,808954980,420.81,UK Pound,420.81,UK Pound,Cheque,0
2022/09/06 02:38,148389,81236FE70,148785,8129A48D0,215.5,Saudi Riyal,215.5,Saudi Riyal,Cheque,0
2022/09/01 21:44,12004,800D83CD0,11056,800DA8DB0,791.75,Euro,791.75,Euro,Cheque,0
2022/09/05 03:23,1124,8007028F0,3051,8069F59E0,95.58,US Dollar,95.58,US Dollar,Cheque,0
2022/09/04 21:49,129076,80BBE9D70,14663,80BBE8B70,717.57,Euro,717.57,Euro,ACH,0
2022/09/05 09:14,70,100428660,16606,814212210,1157.4,US Dollar,1157.4,US Dollar,Cheque,0
2022/09/03 00:41,10,801DBC8F0,5836,8025BE6E0,931.95,US Dollar,931.95,US Dollar,Cheque,0
2022/09/05 00:12,147042,8121C7250,26624,802F13940,33.68,Euro,33.68,Euro,Credit Card,0
2022/09/01 20:33,2843,80341CF60,223041,8095F6EA0,746559.65,US Dollar,746559.65,US Dollar,Wire,0
2022/09/04 00:30,2467,802F42BF0,124261,80BD0A160,7594.92,Euro,7594.92,Euro,Cheque,0
2022/09/08 21:33,5140,801F61720,4503,8021CBD20,972.97,US Dollar,972.97,US Dollar,Credit Card,0
2022/09/08 15:29,119,811B8A910,48211,811D83DB0,10629.23,Saudi Riyal,10629.23,Saudi Riyal,Credit Card,0
2022/09/01 22:23,143496,8113A9B40,143496,8113A9B40,13706900.06,Shekel,13706900.06,Shekel,Reinvestment,0
2022/09/06 19:21,21387,800B10B00,21918,800D96B80,81.2,Euro,81.2,Euro,Cheque,0
2022/09/01 00:13,26624,804C4E420,26624,804C4E420,543373.84,Euro,543373.84,Euro,Reinvestment,0
2022/09/01 17:40,17554,806AB9740,17554,806AB9740,1540.15,Ruble,1540.15,Ruble,Reinvestment,0
2022/09/02 03:40,29467,803E58620,15,80414C450,7230.93,Yen,7230.93,Yen,Cash,0
2022/09/07 10:44,1588,801A872E0,25075,80458A2C0,7466.61,US Dollar,7466.61,US Dollar,Cash,0
2022/09/02 13:55,116781,806BA5630,118202,806F854C0,210810.79,Ruble,210810.79,Ruble,Wire,0
2022/09/09 18:33,2439,8032483E0,227720,80B646600,2781.92,US Dollar,2781.92,US Dollar,Credit Card,0
2022/09/06 15:41,70,1004289C0,142950,810BD1F90,3578.51,Shekel,3578.51,Shekel,Cash,0
2022/09/07 19:06,28255,808166D60,12,8093FF790,1594.38,US Dollar,1594.38,US Dollar,Cheque,0
2022/09/05 05:39,3698,80F1BE6B0,49750,812985B60,7124.93,US Dollar,7124.93,US Dollar,Cash,0
2022/09/08 15:22,10,80045F610,13145,80805BD40,5571.02,US Dollar,5571.02,US Dollar,Cheque,0
2022/09/01 01:39,1457,803F03CA0,1457,803F03CA0,123468.14,US Dollar,123468.14,US Dollar,Reinvestment,0
2022/09/03 04:09,70,100428780,214050,8053B1E60,154609.14,Rupee,154609.14,Rupee,Credit Card,0
2022/09/07 21:22,1132,80B731A90,27,80BD1BB60,1832.91,Mexican Peso,1832.91,Mexican Peso,Wire,0
2022/09/09 09:39,118,80DB91C10,116,80E2A0490,48.23,Swiss Franc,48.23,Swiss Franc,Wire,0
2022/09/02 23:25,122080,80D196390,22828,812CDADE0,3161.91,US Dollar,3161.91,US Dollar,Cheque,0
2022/09/10 14:28,3420,80199EF00,13145,808EAFC10,2119.29,US Dollar,2119.29,US Dollar,Credit Card,0
2022/09/09 05:02,20,800636620,12561,8012F9AE0,381990.17,Euro,381990.17,Euro,Cheque,0
2022/09/04 00:55,12,80A414720,113865,80A412580,2847.73,US Dollar,2847.73,US Dollar,ACH,0
2022/09/02 10:06,6,8000A9630,28416,80A6BAC50,649.14,Australian Dollar,649.14,Australian Dollar,Cheque,0
2022/09/02 05:41,153706,813DEA711,126,81409E921,0.17409,Bitcoin,0.17409,Bitcoin,Bitcoin,0
2022/09/06 23:10,34215,80CD536B0,34032,8145502E0,6479.37,Mexican Peso,6479.37,Mexican Peso,ACH,0
2022/09/07 03:26,3123,802A23CE0,28629,8034977D0,12832.19,Euro,12832.19,Euro,Credit Card,0
2022/09/05 05:20,22541,808A9D020,23497,811DD71B0,41024.51,UK Pound,41024.51,UK Pound,ACH,0
2022/09/01 13:45,70,100428A51,124,813B85071,0.004637,Bitcoin,0.004637,Bitcoin,Bitcoin,0
2022/09/06 17:57,119,80FF925E0,45000,810C5D450,699.24,Shekel,699.24,Shekel,ACH,0
2022/09/02 14:41,1490,800975270,13083,801D5A560,5449429.31,Euro,5449429.31,Euro,Cheque,0
2022/09/01 06:21,28611,80A9A5DA0,29056,80B013E80,609.05,Australian Dollar,609.05,Australian Dollar,Credit Card,0
2022/09/01 00:18,135290,811850850,251042,8133F7DE0,775227.71,US Dollar,775227.71,US Dollar,Wire,0
2022/09/06 10:22,19,808140F50,19,8090E8AC0,11209.21,Canadian Dollar,11209.21,Canadian Dollar,ACH,0
2022/09/04 11:10,1241,800EF90A0,21611,8023DFE50,144.09,US Dollar,144.09,US Dollar,ACH,0
2022/09/05 10:52,15964,802E13090,15964,802E13090,8600.54,US Dollar,7339.7,Euro,ACH,0
2022/09/09 09:11,1068,804F62B10,12359,8139C05A0,447.34,US Dollar,447.34,US Dollar,Cheque,0
2022/09/08 16:37,1132,80BE8B570,27,80C17D350,11412092.18,Mexican Peso,11412092.18,Mexican Peso,Cheque,0
2022/09/06 00:51,11657,800D87230,46479,8128B4C20,287390.89,Euro,287390.89,Euro,Cheque,0
2022/09/04 21:08,23842,8031F1DB0,215687,80A1C8820,55367.65,US Dollar,55367.65,US Dollar,Cheque,0
2022/09/07 00:09,2991,801A082B0,1,8002584D0,18.4,US Dollar,18.4,US Dollar,Credit Card,0
2022/09/01 14:42,14433,80AEB8A80,2053,80E7827B0,429.96,US Dollar,429.96,US Dollar,ACH,0
2022/09/08 16:16,701,800DB0A00,11813,813507F60,2795.62,US Dollar,2795.62,US Dollar,Credit Card,0
2022/09/08 21:40,14233,80BB60D40,12,80E63BE90,3066.52,Euro,3066.52,Euro,Cheque,0
2022/09/01 00:19,233168,8107828E0,233168,8107828E0,18.79,US Dollar,18.79,US Dollar,Reinvestment,0
2022/09/06 23:27,8798,804EA0990,215266,80FA67C30,1100.68,US Dollar,1100.68,US Dollar,Credit Card,0
2022/09/01 15:02,21940,802230DE0,3420,802231380,1693.59,US Dollar,1693.59,US Dollar,ACH,0
2022/09/03 16:06,117,8000C7C40,241079,80EECB2F0,1834.8,Swiss Franc,1834.8,Swiss Franc,Cheque,0
2022/09/07 18:04,12,80BEC77C0,1132,80C983410,21405.62,Mexican Peso,21405.62,Mexican Peso,ACH,0
2022/09/07 02:15,70,1004286A8,26463,8028A6FF0,337.59,Euro,337.59,Euro,Cash,0
2022/09/10 15:31,70,1004288E8,213,80CDC2910,31304.16,Mexican Peso,31304.16,Mexican Peso,Credit Card,0
2022/09/02 21:29,24144,803261B20,24144,803261B20,5496.89,US Dollar,4691.05,Euro,ACH,0
2022/09/07 04:00,16586,80F6E3970,4242,80F90DE90,159.0,US Dollar,159.0,US Dollar,Credit Card,0
2022/09/08 11:35,254242,8140AF4E1,53744,8143DD151,33.413491,Bitcoin,33.413491,Bitcoin,Bitcoin,0
2022/09/01 00:24,140754,80F586170,140754,80F586170,14.55,Swiss Franc,14.55,Swiss Franc,Reinvestment,0
2022/09/02 01:25,21258,80078C6C0,235878,812B6D480,511.35,US Dollar,511.35,US Dollar,Cash,0
2022/09/09 14:50,13265,8062C4110,11,808237740,1163.56,Euro,1163.56,Euro,Cheque,0
2022/09/08 10:05,12,80C15A5A0,133471,80C6A3A50,28833.74,Mexican Peso,28833.74,Mexican Peso,Cheque,0
2022/09/03 05:57,16333,80477B6D0,14325,8107A16D0,785.93,US Dollar,785.93,US Dollar,ACH,0
2022/09/05 13:56,118,80DC57970,238190,80F766D10,173.38,Swiss Franc,173.38,Swiss Franc,Cheque,0
2022/09/01 19:24,19474,80B494880,19474,80B494880,63582.8,US Dollar,63582.8,US Dollar,Reinvestment,0
2022/09/06 04:55,70,1004286A8,223026,813209BF0,1120.27,Euro,1120.27,Euro,Cheque,0
2022/09/06 12:12,220,8052A6A00,12446,8052C6840,2651.64,US Dollar,2651.64,US Dollar,ACH,0
2022/09/01 02:04,23525,804C4A980,23525,804C4A980,11.85,Euro,11.85,Euro,Reinvestment,0
2022/09/07 00:13,44866,811891A50,14,8107E2ED0,157.13,Shekel,157.13,Shekel,Credit Card,0
2022/09/01 00:19,25536,80601D810,25536,80601D810,4295.32,Euro,4295.32,Euro,Reinvestment,0
2022/09/01 18:57,70,1004287C8,16649,806B04D50,1946614.98,Ruble,1946614.98,Ruble,Credit Card,0
2022/09/07 16:33,10,805B94850,24424,80AEE72F0,399.07,US Dollar,399.07,US Dollar,Credit Card,0
2022/09/01 22:43,70,100428660,23402,801CF6A90,56.33,US Dollar,56.33,US Dollar,Credit Card,0
2022/09/02 06:41,6,8047A6F40,12,8047AA660,5509.97,Rupee,5509.97,Rupee,Cheque,0
2022/09/02 00:37,19329,804F76E70,16643,8124BC3F0,162.73,Euro,162.73,Euro,Cheque,0
2022/09/05 20:29,11813,800AD60C0,11030,80A4B76B0,29833.81,US Dollar,29833.81,US Dollar,Cash,0
2022/09/02 20:23,14,8038C2530,9691,804C7EEB0,16196.43,Yuan,16196.43,Yuan,Credit Card,0
2022/09/09 18:10,22155,80862BAF0,222858,8086E2090,331.54,UK Pound,331.54,UK Pound,Credit Card,0
2022/09/01 10:54,3322,8081C9CD0,3322,8081C9CD0,17996.0,Euro,17996.0,Euro,Reinvestment,0
2022/09/01 18:55,70,100428660,17732,80DF1C7C0,529.71,US Dollar,529.71,US Dollar,Credit Card,0
2022/09/06 23:30,39721,80F1E7480,138335,80FD0BBE0,309.31,Swiss Franc,309.31,Swiss Franc,Credit Card,0
2022/09/09 02:48,1299,800E26880,13554,80204E090,15900.3,Euro,15900.3,Euro,Credit Card,0
2022/09/02 18:13,22,80052E640,29794,810C26110,6355.8,Euro,6355.8,Euro,Credit Card,0
2022/09/03 03:42,25547,8053EF5E0,19888,807487D90,1942.52,US Dollar,1942.52,US Dollar,Cheque,0
2022/09/02 05:39,1,8004AE280,3420,801806070,2711.54,US Dollar,2711.54,US Dollar,ACH,0
2022/09/06 12:06,70,100428978,116,80EF3F0E0,647.62,Swiss Franc,647.62,Swiss Franc,Cash,0
2022/09/06 08:33,7,8054CFC20,113304,8054D4E70,3562475.72,Rupee,3562475.72,Rupee,ACH,0
2022/09/05 10:43,119,8000D1930,145106,81159D2B0,6666.99,Shekel,6666.99,Shekel,Cheque,0
2022/09/05 21:13,6075,806407F70,248975,8126E3E50,227.99,US Dollar,227.99,US Dollar,Credit Card,0
2022/09/02 16:09,15,813790CC1,15,813790CC1,0.221193,Bitcoin,0.221193,Bitcoin,Bitcoin,0
2022/09/02 11:20,9371,80D946B80,15768,80DF55010,3.61,US Dollar,3.61,US Dollar,Wire,0
2022/09/01 03:56,70,1004288A0,29056,80B031C20,3988.11,Australian Dollar,3988.11,Australian Dollar,Cheque,0
2022/09/04 19:16,137218,80E221C10,141166,80F6E7840,28663.36,Swiss Franc,28663.36,Swiss Franc,ACH,0
2022/09/06 06:31,6803,805183910,16586,80EC30A30,74806.71,US Dollar,74806.71,US Dollar,Cheque,0
2022/09/02 03:54,2627,801194720,1412,80C0D6F60,1731.09,US Dollar,1731.09,US Dollar,Cheque,0
2022/09/04 18:48,1412,8013CA050,111425,8074B7030,13.19,US Dollar,13.19,US Dollar,ACH,0
2022/09/01 12:46,235711,811A5E090,235711,811A5E090,1037424.9,US Dollar,1037424.9,US Dollar,Reinvestment,0
2022/09/06 08:16,15964,806DEB700,21749,807F248A0,160.4,Euro,160.4,Euro,Cheque,0
2022/09/09 09:43,11157,800CB2060,2627,8017C80D0,25.06,US Dollar,25.06,US Dollar,Cheque,0
2022/09/03 12:28,28,80BE595C0,33873,80C94A650,207447.56,Mexican Peso,207447.56,Mexican Peso,Cheque,0
2022/09/01 02:28,129076,80B96B6C0,21922,80BF374E0,15372164.89,Euro,15372164.89,Euro,Cheque,0
2022/09/07 08:39,23,8009927C0,14663,801B3E360,634.92,Euro,634.92,Euro,Cash,0
2022/09/09 08:35,214,8090AC5D0,24856,8092D4EC0,856.82,Canadian Dollar,856.82,Canadian Dollar,Cheque,0
2022/09/09 00:25,324834,8094E03A0,70,100428858,591.67,Canadian Dollar,591.67,Canadian Dollar,Cash,0
2022/09/01 00:14,120438,8103B5DD0,120438,8103B5DD0,3789.87,US Dollar,3789.87,US Dollar,Reinvestment,0
2022/09/01 05:30,239654,8125D40C0,239654,8125D40C0,35.52,Yuan,35.52,Yuan,Reinvestment,0
2022/09/07 00:13,19593,8128A6080,230230,80D6B8410,296.48,Yuan,296.48,Yuan,Credit Card,0
2022/09/04 04:31,70,100428660,9482,80845BF30,276.08,US Dollar,276.08,US Dollar,Credit Card,0
2022/09/10 10:59,2385,802263A20,224449,80F9C8BC0,504.69,US Dollar,504.69,US Dollar,Cheque,0
2022/09/08 08:31,23,8000EC7E0,23,8001023B0,503.16,Euro,503.16,Euro,ACH,0
2022/09/07 15:42,70,100428780,215186,80C5B1710,31640.4,Rupee,31640.4,Rupee,Credit Card,0
2022/09/02 15:54,26,80009B470,5,8076F4840,3229.65,UK Pound,3229.65,UK Pound,Cheque,0
2022/09/07 12:28,3,801D9C140,9417,811D04200,994757.21,Yuan,994757.21,Yuan,ACH,0
2022/09/07 08:52,228009,80A1DEB20,127999,80A736400,1552.42,Australian Dollar,1552.42,Australian Dollar,Cheque,0
2022/09/03 11:04,70,1004286F0,3,800E0A8F0,1055.26,Yuan,1055.26,Yuan,Credit Card,0
2022/09/01 22:07,24779,8090A1CA0,25170,8094DFC80,128.29,Canadian Dollar,128.29,Canadian Dollar,Cheque,0
2022/09/07 02:34,28603,80A957200,229122,80B2988C0,5098.11,Australian Dollar,5098.11,Australian Dollar,Cheque,0
2022/09/08 00:56,70,1004286A8,25866,808A4C760,197567.26,Euro,197567.26,Euro,Cheque,0
2022/09/10 07:15,213,809CD9130,225734,809D376C0,5876.25,Canadian Dollar,5876.25,Canadian Dollar,Cheque,0
2022/09/02 16:02,22736,80238C8B0,1688,80E04F480,83.55,US Dollar,83.55,US Dollar,Cheque,0
2022/09/01 22:39,14,802F72B60,30474,80DB34200,1062937.01,Yuan,1062937.01,Yuan,Wire,0
2022/09/05 08:03,21387,80101E2F0,44458,812B227E0,26836.75,Euro,26836.75,Euro,Cheque,0
2022/09/02 04:26,330050,80AEC1C30,3698,80AEC0F70,388.23,US Dollar,388.23,US Dollar,Cheque,0
2022/09/03 09:07,11852,8014AF520,5365,802C81200,1007.32,Euro,1007.32,Euro,Cash,0
2022/09/02 09:52,8798,807D89360,16163,80C0A0A90,633.5,US Dollar,633.5,US Dollar,Cash,0
2022/09/09 18:18,5394,8023A26F0,6129,80B182BC0,11606.76,US Dollar,11606.76,US Dollar,Cheque,0
2022/09/01 00:13,26024,806681460,28255,807A164F0,177816.62,US Dollar,177816.62,US Dollar,Cash,0
2022/09/01 06:53,28248,80A508BB0,28611,80A801BE0,359.48,Australian Dollar,359.48,Australian Dollar,Credit Card,0
2022/09/05 08:49,16927,806488870,116781,8064895F0,68997.82,Ruble,68997.82,Ruble,ACH,0
2022/09/03 23:49,111121,808DF2400,117907,80C8ACFF0,204.91,Euro,204.91,Euro,Cheque,0
2022/09/01 17:02,7,807C423D0,212,807C485D0,1188.93,UK Pound,1188.93,UK Pound,Cheque,0
2022/09/01 00:09,119880,80ABDD320,119880,80ABDD320,18.87,Euro,18.87,Euro,Reinvestment,0
2022/09/07 21:00,212818,804B2E920,112637,804B65630,48108.28,Rupee,48108.28,Rupee,Cheque,0
2022/09/05 11:41,18196,80307FC50,29715,807E4EFA0,4421.35,Yuan,4421.35,Yuan,Credit Card,0
2022/09/05 00:28,228054,80A21FB50,6,80AA8C4E0,4081.61,Australian Dollar,4081.61,Australian Dollar,Credit Card,0
2022/09/09 00:46,2843,8052FC360,18679,80C6FCBE0,1293.42,US Dollar,1293.42,US Dollar,Cheque,0
2022/09/01 00:26,18196,80399C5C0,18196,80399C5C0,2591.69,Yuan,2591.69,Yuan,Reinvestment,0
2022/09/07 13:38,23842,8049943A0,15625,813158600,765.22,US Dollar,765.22,US Dollar,Cash,0
2022/09/05 12:26,11318,800825E00,236684,8134FE350,3181.64,US Dollar,3181.64,US Dollar,Cash,0
2022/09/01 22:10,231744,80BD341B0,133471,80CA198E0,519.4,Mexican Peso,519.4,Mexican Peso,Wire,0
2022/09/08 02:53,1292,805794BA0,121453,810EA0330,22.57,US Dollar,22.57,US Dollar,Wire,0
2022/09/01 05:15,345365,810EAFAA0,45304,810EABD70,3576.11,Shekel,3576.11,Shekel,ACH,0
2022/09/07 16:35,11157,805BE1BB0,21360,80D3302F0,63.51,US Dollar,63.51,US Dollar,Credit Card,0
2022/09/08 11:10,19318,8037FA560,8248,8131F18C0,1094.6,Yuan,1094.6,Yuan,Credit Card,0
2022/09/01 09:20,220,80FE62380,243897,80FF8D300,137.02,Shekel,137.02,Shekel,Cash,0
2022/09/09 15:44,15010,80492BFB0,1665,808F17C20,275.87,Euro,275.87,Euro,Cheque,0
2022/09/01 19:59,5394,805413210,29685,802C4F690,7374.06,US Dollar,7374.06,US Dollar,Credit Card,0
2022/09/01 00:04,1688,807348000,1688,807348000,72281.16,US Dollar,72281.16,US Dollar,Reinvestment,0
2022/09/06 01:19,27,80C167980,131086,80C7E8A00,393900.39,Mexican Peso,393900.39,Mexican Peso,Credit Card,0
2022/09/10 14:02,70,100428660,17907,8074DE220,56.99,US Dollar,56.99,US Dollar,Credit Card,0
2022/09/07 11:16,11107,8007329A0,1588,80073EE20,170.38,US Dollar,170.38,US Dollar,Credit Card,0
2022/09/06 01:42,10441,804431900,27920,8068D5160,121.84,Euro,121.84,Euro,Credit Card,0
2022/09/01 05:15,1547,8009C6170,4600,801EF13B0,78933.64,Euro,78933.64,Euro,Cheque,0
2022/09/01 00:23,220572,807FB3CA0,220572,807FB3CA0,13.99,UK Pound,13.99,UK Pound,Reinvestment,0
2022/09/07 04:19,55653,814879A41,55653,814879C71,0.040213,Bitcoin,0.040213,Bitcoin,Bitcoin,1
2022/09/09 09:36,15010,801EE35D0,18230,80749B010,124.01,Euro,124.01,Euro,ACH,0
2022/09/02 16:17,228587,80AA4E8B0,127593,80AFECA80,1711.98,Australian Dollar,1711.98,Australian Dollar,Credit Card,0
2022/09/04 20:35,13858,801F93E00,16011,80367B4D0,249.23,Euro,249.23,Euro,Credit Card,0
2022/09/02 08:48,220504,8077255B0,20486,8080E48B0,5073.83,UK Pound,5073.83,UK Pound,Cheque,0
2022/09/06 13:09,23833,803205B40,3144,80626E6D0,221.3,US Dollar,221.3,US Dollar,Cheque,0
2022/09/08 03:50,142836,810033130,43849,810531320,441933.24,Shekel,441933.24,Shekel,Cheque,0
2022/09/01 00:24,30039,80B288EF0,30039,80B288EF0,26257.11,Australian Dollar,26257.11,Australian Dollar,Reinvestment,0
2022/09/05 00:40,10,80059CE00,13264,805B63CA0,1805.06,US Dollar,1805.06,US Dollar,Credit Card,0
2022/09/07 19:35,1601,800A84E70,10232,804E5C060,466.03,US Dollar,466.03,US Dollar,Cheque,0
2022/09/06 11:58,113,81024DE80,44650,8108166D0,246163.63,Shekel,246163.63,Shekel,Cheque,0
2022/09/07 11:22,28237,80A5E6520,15,80AD832F0,50.89,Australian Dollar,50.89,Australian Dollar,Credit Card,0
2022/09/08 02:36,134939,80CED22A0,134976,80CF2B090,23290.86,Brazil Real,23290.86,Brazil Real,Cheque,0
2022/09/08 12:22,70,100428A51,254565,80EF660F1,0.149685,Bitcoin,0.149685,Bitcoin,Bitcoin,0
2022/09/07 04:43,213,80A42EEA0,12,80C07FA00,38990.3,Mexican Peso,38990.3,Mexican Peso,Cheque,0
2022/09/02 16:47,3838,80BD93AC0,25637,80BD937F0,417.33,US Dollar,417.33,US Dollar,Credit Card,0
2022/09/10 07:58,23555,801B8D860,218267,80C8CA3F0,2429.12,Euro,2429.12,Euro,ACH,0
2022/09/01 02:05,13432,805BC1100,13432,805BC1100,21.27,US Dollar,21.27,US Dollar,Reinvestment,0
2022/09/04 05:34,1467,801A1D830,13145,803D418B0,50015.55,US Dollar,50015.55,US Dollar,ACH,0
2022/09/04 08:10,21258,804FAECA0,3698,8033D9DA0,6307.17,US Dollar,6307.17,US Dollar,Credit Card,0
2022/09/01 17:55,16649,806AC1DF0,10,806FA9560,1888406.65,Ruble,1888406.65,Ruble,Credit Card,0
2022/09/04 02:34,12,800081970,16,804FB5D60,12795.85,Rupee,12795.85,Rupee,Credit Card,0
2022/09/01 15:52,118180,806DDAFF0,219157,8071E4F20,393.07,Ruble,393.07,Ruble,ACH,0
2022/09/07 09:50,16,804795AC0,71,804790AA0,617835.72,Rupee,617835.72,Rupee,Credit Card,0
2022/09/05 13:19,21258,800C3DEA0,221130,809C344F0,4350015.94,US Dollar,4350015.94,US Dollar,Cash,0
2022/09/01 00:27,3149,8016CAE00,23537,801778F90,4108.46,US Dollar,4108.46,US Dollar,Cheque,0
2022/09/01 22:42,115363,80D3B7A40,6010,8121E91C0,143.09,US Dollar,143.09,US Dollar,ACH,0
2022/09/01 01:06,116,80DC0F060,137218,80EE3D350,16792.46,Swiss Franc,16792.46,Swiss Franc,Credit Card,0
2022/09/02 20:44,314912,810105AF0,3123,810105960,28.4,Euro,28.4,Euro,Credit Card,0
2022/09/02 17:58,16927,806226360,217125,8064D82D0,5083347.22,Ruble,5083347.22,Ruble,ACH,0
2022/09/08 09:17,11296,802CA74E0,221130,809B84FE0,44026.09,US Dollar,44026.09,US Dollar,ACH,0
2022/09/09 05:41,70,1004286F0,131808,80CAF2B60,57097.29,Yuan,57097.29,Yuan,Cheque,0
2022/09/07 18:05,70,100428660,16733,8133BF440,1246.06,US Dollar,1246.06,US Dollar,Cash,0
2022/09/07 00:57,70,100428660,123773,80BD22310,85.59,US Dollar,85.59,US Dollar,Cash,0
2022/09/05 08:57,240229,80EA8C290,41638,80F9B9AC0,3477.15,Swiss Franc,3477.15,Swiss Franc,Wire,0
2022/09/05 03:37,1674,8005A6C60,513,80E059750,2358.37,US Dollar,2358.37,US Dollar,Cheque,0
2022/09/04 16:40,21550,802B7ED10,16535,813AE11A0,382.44,US Dollar,382.44,US Dollar,Credit Card,0
2022/09/02 18:11,12719,80EA3E3E0,111433,812F14E10,107.76,US Dollar,107.76,US Dollar,Credit Card,0
2022/09/07 14:36,19477,80DB104C0,146245,812E113A0,110083.73,Yuan,110083.73,Yuan,Credit Card,0
2022/09/05 01:47,32564,80C64DDC0,33759,80CA75290,4172.73,Mexican Peso,4172.73,Mexican Peso,Cheque,0
2022/09/05 20:15,10,8002C8950,1047,8011BA5B0,2373.76,US Dollar,2373.76,US Dollar,Cheque,0
2022/09/10 21:23,22957,808953FA0,23776,812061DF0,151.16,UK Pound,151.16,UK Pound,Credit Card,0
2022/09/07 20:28,152627,813F91BA1,15,8142542D1,0.266293,Bitcoin,0.266293,Bitcoin,Bitcoin,0
2022/09/09 04:01,70,1004286A8,214322,80B7CDC40,69.65,Euro,69.65,Euro,Cheque,0
2022/09/07 18:12,243947,81005D740,43049,81006D1E0,17114.68,Shekel,17114.68,Shekel,Cheque,0
2022/09/01 09:29,1241,802776110,215841,806046130,237.05,US Dollar,237.05,US Dollar,Cash,0
2022/09/10 15:15,138335,80E51C970,240243,80F1AEBF0,102252.79,Swiss Franc,102252.79,Swiss Franc,Cash,0
2022/09/01 16:42,10581,8045F68E0,21,80C4F2050,78952054.82,Yen,78952054.82,Yen,Cheque,0
2022/09/01 17:18,20898,80FEA3FA0,20898,80FEA3FA0,16.25,US Dollar,16.25,US Dollar,Reinvestment,0
2022/09/09 14:07,119,810A8C2A0,45304,8112EA750,32314.18,Shekel,32314.18,Shekel,Credit Card,0
2022/09/07 10:50,134939,80CE705C0,235843,80D5C7560,2485532.58,Brazil Real,2485532.58,Brazil Real,Cheque,0
2022/09/01 00:11,26024,810C517B0,26024,810C517B0,9.99,US Dollar,9.99,US Dollar,Reinvestment,0
2022/09/02 02:42,1241,8005ECA40,1729,800B0F610,4668.31,US Dollar,4668.31,US Dollar,Credit Card,0
2022/09/01 07:22,1669,807BB5CA0,220888,812A19A30,309.85,Euro,309.85,Euro,Cheque,0
2022/09/01 23:51,124,813FA1331,54348,814333E31,0.101393,Bitcoin,0.101393,Bitcoin,Bitcoin,0
2022/09/03 18:45,70,100428738,24,803FCC770,14913.29,Yen,14913.29,Yen,Credit Card,0
2022/09/08 15:43,22345,800F14540,24515,80249C2D0,130.35,US Dollar,130.35,US Dollar,ACH,0
2022/09/02 08:27,112637,804C46520,113090,805FCDC00,159462.25,Rupee,159462.25,Rupee,Cheque,0
2022/09/06 04:50,15723,80C967AE0,25981,80FD8F840,13884.46,US Dollar,13884.46,US Dollar,Cheque,0
2022/09/09 03:34,3335,8016ACA20,1547,801D3BE10,373518.35,Euro,373518.35,Euro,Cheque,0
2022/09/09 15:24,314183,8052520E0,113304,8052511C0,31857.34,Rupee,31857.34,Rupee,Cheque,0
2022/09/03 17:36,2952,801837420,3051,801837600,5684.93,US Dollar,5684.93,US Dollar,ACH,0
2022/09/06 00:25,12446,807EB9490,701,80E331350,25.26,US Dollar,25.26,US Dollar,Credit Card,0
2022/09/04 06:14,12,80BE76D50,213,80C57FC40,39969.74,Mexican Peso,39969.74,Mexican Peso,Credit Card,0
2022/09/01 14:29,70,100428A51,152627,813B36561,0.012856,Bitcoin,0.012856,Bitcoin,Bitcoin,0
2022/09/06 16:56,8074,808175C20,214100,8115FCA50,2329.16,Euro,2329.16,Euro,Credit Card,0
2022/09/01 03:51,25866,80848BAB0,25866,80848BAB0,7.18,Euro,7.18,Euro,Reinvestment,0
2022/09/01 00:25,410,80B4F0FC0,410,80B4F0FC0,1856.16,Euro,1856.16,Euro,Reinvestment,0
2022/09/02 17:05,11974,80245B940,121303,80A3C7390,10487.81,US Dollar,10487.81,US Dollar,Cash,0
2022/09/02 05:12,29279,803D70B50,14077,8104DA2B0,979.51,US Dollar,979.51,US Dollar,Wire,0
2022/09/01 00:28,17425,8057DD470,3242,805173C30,11049554.1,US Dollar,11049554.1,US Dollar,Cheque,0
2022/09/06 06:10,70,1004286A8,22806,802BB5300,6665.2,Euro,6665.2,Euro,Cheque,0
2022/09/05 17:24,212,807C309F0,211,807E60B90,905.8,UK Pound,905.8,UK Pound,Cash,0
2022/09/02 02:41,27217,8043F0C40,3335,806DE79B0,21745.36,Euro,21745.36,Euro,Cheque,0
2022/09/01 08:49,6,804B7B070,16,804BAFAA0,28212.99,Rupee,28212.99,Rupee,Cheque,0
2022/09/02 21:09,117,80DDAFB50,239453,80E7D1170,2797.97,Swiss Franc,2797.97,Swiss Franc,Credit Card,0
2022/09/05 16:18,70,1004288A0,28416,80A8A7E20,95121736.49,Australian Dollar,95121736.49,Australian Dollar,Cheque,0
2022/09/01 00:09,211,80A5B1590,211,80A5B1590,9.07,Australian Dollar,9.07,Australian Dollar,Reinvestment,0
2022/09/01 06:50,10813,804316D60,111974,80F57C580,270944.48,Yen,270944.48,Yen,Cash,0
2022/09/01 00:01,220,80019CC60,220,80019CC60,15.43,US Dollar,15.43,US Dollar,Reinvestment,0
2022/09/08 12:36,2385,80E084530,145106,811435DF0,3519.68,Shekel,3519.68,Shekel,Cheque,0
2022/09/09 14:29,317246,80F6AC600,1665,80F6AC3B0,68.94,US Dollar,68.94,US Dollar,Cheque,0
2022/09/01 17:12,20,8011402E0,16450,8043853D0,271.09,Euro,271.09,Euro,Credit Card,0
2022/09/09 03:21,335581,80CF1F960,235580,80CF1DA40,318.24,Brazil Real,318.24,Brazil Real,ACH,0
2022/09/09 10:54,20,8028EA980,15750,811D0AD50,4990.44,Euro,4990.44,Euro,Credit Card,0
2022/09/02 00:01,141486,80FA97E00,138335,80F69B4E0,17.38,Swiss Franc,17.38,Swiss Franc,Credit Card,0
2022/09/02 00:27,20,810976820,22,800208100,101.9,Euro,101.9,Euro,Credit Card,0
2022/09/04 09:00,4766,80AB6B330,218885,813034C80,1269.62,US Dollar,1269.62,US Dollar,Cheque,0
2022/09/10 18:49,18200,80DB29C50,35303,80DB237B0,14497.2,Yuan,14497.2,Yuan,ACH,0
2022/09/08 07:27,1655,800C7EB90,17863,812DAB4E0,2019.33,Euro,2019.33,Euro,Credit Card,0
2022/09/08 19:56,1729,800B2A3F0,9482,8070BB570,244.58,US Dollar,244.58,US Dollar,Credit Card,0
2022/09/02 14:17,23,800102AA0,22,800868080,400.57,Euro,400.57,Euro,Credit Card,0
2022/09/08 03:53,245441,81180A850,244187,81185FCF0,837.47,Shekel,837.47,Shekel,Credit Card,0
2022/09/04 00:09,152802,8142162E0,16163,812C5C720,159.77,US Dollar,159.77,US Dollar,Credit Card,0
2022/09/01 00:27,241775,8128C4750,241775,8128C4750,31269.1,Euro,31269.1,Euro,Reinvestment,0
2022/09/07 06:19,231744,80BE85770,213,80C1CBD60,326403.33,Mexican Peso,326403.33,Mexican Peso,ACH,0
2022/09/01 16:42,5627,803915880,29992,804C835A0,2326.29,Yuan,2326.29,Yuan,Credit Card,0
2022/09/01 07:51,4866,802AAD3E0,3242,80DD13380,17452.83,US Dollar,17452.83,US Dollar,Wire,0
2022/09/05 21:11,33426,80E48F6C0,237199,813A225C0,310.65,US Dollar,310.65,US Dollar,Cheque,0
2022/09/08 15:21,216645,806ACF2B0,1412,80BDB6300,317.99,US Dollar,317.99,US Dollar,Credit Card,0
2022/09/03 23:18,10,802B78640,130435,80DA36CE0,161.83,US Dollar,161.83,US Dollar,Cash,0
2022/09/09 20:47,12735,8010ED5A0,125575,80EA554F0,1023.25,Canadian Dollar,1023.25,Canadian Dollar,Credit Card,0
2022/09/07 09:41,70,100428780,112637,805BFF8B0,219664.13,Rupee,219664.13,Rupee,Cash,0
2022/09/02 10:18,22,800060E60,22,800060E60,333.95,Euro,333.95,Euro,Cheque,0
2022/09/06 17:08,43462,810103500,14,810139640,2188.94,Shekel,2188.94,Shekel,Credit Card,0
2022/09/01 21:21,116,80E197910,116,80E197910,23828.82,Swiss Franc,23828.82,Swiss Franc,Reinvestment,0
2022/09/02 01:30,70,100428660,1241,8016AA8C0,844.45,US Dollar,844.45,US Dollar,Credit Card,0
2022/09/01 07:58,70,100428978,140304,80EE9FD30,8732.15,Swiss Franc,8732.15,Swiss Franc,Cheque,0
2022/09/09 23:53,126,813759131,126,813759131,0.511108,Bitcoin,0.511108,Bitcoin,Bitcoin,0
2022/09/08 04:33,795,80072B620,21360,808520620,7981.46,US Dollar,7981.46,US Dollar,Credit Card,0
2022/09/01 03:12,1665,8034682B0,1665,8034682B0,109.37,US Dollar,109.37,US Dollar,Reinvestment,0
2022/09/02 16:11,1457,8052231B0,127142,8104C9670,971.59,US Dollar,971.59,US Dollar,Credit Card,0
2022/09/08 15:07,11474,800AE7920,1688,800EE3890,10162.5,US Dollar,10162.5,US Dollar,Cash,0
2022/09/06 15:42,1420,800878390,513,800B078C0,111.05,US Dollar,111.05,US Dollar,Cheque,0
2022/09/02 13:30,19,809160D90,210,80916D550,1158.48,Canadian Dollar,1158.48,Canadian Dollar,Credit Card,0
2022/09/02 22:50,1362,804DC2240,26024,80D2051B0,3685.92,US Dollar,3685.92,US Dollar,Cheque,0
2022/09/01 00:22,6,80A1F6930,6,80A1F6930,171164.14,Australian Dollar,171164.14,Australian Dollar,Reinvestment,0
2022/09/02 15:47,1292,8025D27A0,1292,8025D27A0,266.39,Euro,312.15,US Dollar,ACH,0
2022/09/08 11:13,9209,80B130E90,30465,81410C1A0,959.61,Yuan,959.61,Yuan,Cash,0
2022/09/10 12:15,227786,80DD33020,11813,80DD7F950,32.64,US Dollar,32.64,US Dollar,ACH,0
2022/09/01 00:08,1467,8008D8970,1467,8008D8970,20.5,US Dollar,20.5,US Dollar,Reinvestment,0
2022/09/04 00:57,10060,8047186F0,11687,80B1477F0,1976529.19,Yen,1976529.19,Yen,Credit Card,0
2022/09/01 05:57,70,100428780,13667,805393A80,6541.34,Rupee,6541.34,Rupee,Cash,0
2022/09/03 14:22,70,1004286A8,1916,80A010DC0,77.9,Euro,77.9,Euro,Credit Card,0
2022/09/05 18:31,217125,806D73DD0,16678,806E5B990,19273.01,Ruble,19273.01,Ruble,Cheque,0
2022/09/01 02:32,210319,803B85D20,24,80413CFA0,8716508.91,Yen,8716508.91,Yen,ACH,0
2022/09/03 00:28,116425,806FA8AD0,116843,8064260B0,1432.52,Ruble,1432.52,Ruble,Credit Card,0
2022/09/07 07:51,10060,803E0D090,15,8039FACF0,1775795.5,Yen,1775795.5,Yen,ACH,0
2022/09/04 12:04,13265,80254CAA0,15643,80FC111D0,410.78,Euro,410.78,Euro,Credit Card,0
2022/09/05 06:50,11296,801ADA890,11318,805CDD170,183.29,US Dollar,183.29,US Dollar,Cheque,0
2022/09/05 13:46,70,100428660,4403,8030D9410,34.36,US Dollar,34.36,US Dollar,Credit Card,0
2022/09/01 20:54,22775,801E18710,1665,8021799E0,347.98,Euro,347.98,Euro,Credit Card,0
2022/09/01 00:21,11471,802C3CCE0,11471,802C3CCE0,9059.49,US Dollar,9059.49,US Dollar,Reinvestment,0
2022/09/08 06:21,220,800190EB0,12,80025B280,114.94,US Dollar,114.94,US Dollar,Cheque,0
2022/09/06 16:25,6179,806A654E0,18324,80F3E6B40,2588.28,US Dollar,2588.28,US Dollar,Cash,0
2022/09/09 08:32,3045,801C09400,12513,8023C35A0,1489.11,Euro,1489.11,Euro,Cheque,0
2022/09/02 03:08,10,8005E1170,24424,80AD43700,13913.39,US Dollar,13913.39,US Dollar,Cheque,0
2022/09/01 00:17,287,806ABF7D0,217824,8071C87B0,309363839.45,Ruble,309363839.45,Ruble,Cheque,0
2022/09/05 17:11,220,813DA46F1,153827,8143FDC31,0.424157,Bitcoin,0.424157,Bitcoin,Bitcoin,0
2022/09/09 17:53,345206,8109B9CD0,244192,8109B9BE0,838.39,Shekel,838.39,Shekel,Credit Card,0
2022/09/06 20:59,11,80026F0E0,1665,800AD9010,149.93,Euro,149.93,Euro,Wire,0
2022/09/01 00:26,13327,80DEEF0E0,13327,80DEEF0E0,15.1,US Dollar,15.1,US Dollar,Reinvestment,0
2022/09/08 21:17,23885,807D9AC90,130435,80DD77460,517.68,US Dollar,517.68,US Dollar,Credit Card,0
2022/09/02 12:51,227720,80E200E00,219860,8135A9DF0,62.07,US Dollar,62.07,US Dollar,ACH,0
2022/09/09 11:56,152627,813B75861,152627,813B75861,0.263307,Bitcoin,0.263307,Bitcoin,Bitcoin,0
2022/09/01 21:27,39678,80E965F90,112,80E9B2140,52128.19,Swiss Franc,52128.19,Swiss Franc,Wire,0
2022/09/02 10:40,70,1004286A8,215242,8126DAA90,241.52,Euro,241.52,Euro,Credit Card,0
2022/09/01 16:25,121580,80864F640,21568,80864F780,2708.89,UK Pound,2708.89,UK Pound,ACH,0
2022/09/07 12:16,1132,80BF090A0,12,80C6E6480,1364.27,Mexican Peso,1364.27,Mexican Peso,Cheque,0
2022/09/10 09:00,1669,801A332B0,20,805AD52E0,178.44,Euro,178.44,Euro,Cheque,0
2022/09/01 21:50,218438,80B7E67C0,218438,80B7E67C0,88917.8,US Dollar,88917.8,US Dollar,Reinvestment,0
2022/09/01 14:31,125575,809908AB0,125575,809908AB0,267.06,Canadian Dollar,267.06,Canadian Dollar,Reinvestment,0
2022/09/07 02:25,70,100428660,5394,812C5D280,2942.52,US Dollar,2942.52,US Dollar,Cheque,0
2022/09/09 07:32,1588,800DD8480,3149,8022571F0,274507.85,US Dollar,274507.85,US Dollar,Cheque,0
2022/09/01 20:20,48526,811EE5B50,48308,8123669A0,53.5,Saudi Riyal,53.5,Saudi Riyal,ACH,0
2022/09/09 08:20,70,1004286A8,117698,80BC1F470,189.57,Euro,189.57,Euro,Cash,0
2022/09/01 23:55,29685,8053F3E60,27444,80DFAE2F0,31.58,US Dollar,31.58,US Dollar,ACH,0
2022/09/02 09:46,35684,80E167B20,22164,8130AC210,38337.88,US Dollar,38337.88,US Dollar,Cash,0
2022/09/06 05:46,17425,80EC78E80,11157,80F672AD0,267.33,US Dollar,267.33,US Dollar,Cheque,0
2022/09/01 16:32,14650,801F92840,1502,802508370,5652.53,Euro,5652.53,Euro,Credit Card,0
2022/09/02 04:54,210185,804164530,210690,80C41D650,1458.02,Yen,1458.02,Yen,Credit Card,0
2022/09/04 05:42,113060,8080B9940,2467,811F96F80,6743.44,Euro,6743.44,Euro,Cheque,0
2022/09/09 14:41,343486,8107C0830,245090,8107C0070,821.75,Shekel,821.75,Shekel,Credit Card,0
2022/09/06 16:50,70,100428930,135155,80D9CE450,2736.13,Brazil Real,2736.13,Brazil Real,Cheque,0
2022/09/03 17:54,12004,8028A4630,15964,8042D5D20,169.93,Euro,169.93,Euro,Cheque,0
2022/09/08 09:05,135104,80D59E8B0,235580,80D899A10,5079255.69,Brazil Real,5079255.69,Brazil Real,ACH,0
2022/09/01 00:11,24,804624470,24,804624470,33571599.52,Yen,33571599.52,Yen,Reinvestment,0
2022/09/09 22:43,150580,813041FB0,49126,8130EC930,2147.34,Euro,2147.34,Euro,Credit Card,0
2022/09/02 23:24,70,1004286F0,140522,8137A3510,10208.67,Yuan,10208.67,Yuan,Cheque,0
2022/09/07 09:58,22345,806846210,15768,808F2FA50,17399.57,US Dollar,17399.57,US Dollar,Cheque,0
2022/09/08 22:46,220,800149210,111433,8066AAAE0,6973.85,US Dollar,6973.85,US Dollar,Credit Card,0
2022/09/03 12:35,23525,8014DCAE0,13345,802D88620,2293.11,Euro,2293.11,Euro,Credit Card,0
2022/09/02 23:26,121987,80844E340,222773,80B1FEAF0,879.5,UK Pound,879.5,UK Pound,Cheque,0
2022/09/02 10:33,43049,80FDE1940,245093,8107BC3F0,26433.51,Shekel,26433.51,Shekel,Cheque,0
2022/09/02 04:48,12561,8057A6500,131167,811073710,10701.33,Euro,10701.33,Euro,Credit Card,0
2022/09/09 06:52,3893,80117D510,1601,800793180,185.02,US Dollar,185.02,US Dollar,Credit Card,0
2022/09/10 03:41,10,80008BA40,10,80613A780,11478.49,Ruble,11478.49,Ruble,Credit Card,0
2022/09/05 06:16,1,801622A00,135403,80D3B0990,2650.45,US Dollar,2650.45,US Dollar,Cash,0
2022/09/05 21:25,3,804BDBBB0,14838,812239A30,5083.27,Rupee,5083.27,Rupee,Cheque,0
2022/09/02 12:42,70,100428660,215687,80DFF9320,133.52,US Dollar,133.52,US Dollar,Cheque,0
2022/09/05 00:15,125305,809634090,213,809484E40,0.93,Canadian Dollar,0.93,Canadian Dollar,Credit Card,0
2022/09/05 21:48,2947,8043B65A0,28693,80825F2F0,249.75,US Dollar,249.75,US Dollar,Credit Card,0
2022/09/08 07:08,11657,800C98800,5365,802B8AD20,158.65,Euro,158.65,Euro,ACH,0
2022/09/02 15:13,70,100428858,210,8090F4780,413.62,Canadian Dollar,413.62,Canadian Dollar,Cheque,0
2022/09/03 22:48,410,80098E620,11,8020BFF10,350586.53,Euro,350586.53,Euro,Cheque,0
2022/09/01 05:59,333323,80C5E3C80,333323,80C5E3C80,25804.0,Mexican Peso,25804.0,Mexican Peso,Reinvestment,0
2022/09/02 23:53,1729,800C14200,236710,8104C6800,28821.7,US Dollar,28821.7,US Dollar,Cheque,0
2022/09/01 00:07,27920,8052D2C90,27920,8052D2C90,1395975.84,Euro,1395975.84,Euro,Reinvestment,0
2022/09/10 00:02,111631,8079489E0,11157,8090E9C10,42.13,US Dollar,42.13,US Dollar,Credit Card,0
2022/09/04 15:06,143242,8100DFF30,43460,8100DA780,14740.01,Shekel,14740.01,Shekel,ACH,0
2022/09/08 08:00,1916,803142310,14290,8031C7040,14.87,Euro,14.87,Euro,Cheque,0
2022/09/06 13:04,210185,8043F9590,111812,80BE70630,3044702.97,Yen,3044702.97,Yen,Credit Card,0
2022/09/01 00:06,243614,8107A5230,243614,8107A5230,70.4,Shekel,70.4,Shekel,Reinvestment,0
2022/09/05 22:27,29191,80E606490,18475,811554560,16808.29,Yuan,16808.29,Yuan,Cheque,0
2022/09/05 09:21,28,80A1BB7E0,228054,80A283A90,109.23,Australian Dollar,109.23,Australian Dollar,Credit Card,0
2022/09/05 13:49,210185,803DC3630,212156,80E800130,16522.2,Yen,16522.2,Yen,Cheque,0
2022/09/03 15:51,116,8000CEAF0,117,80DBDD830,1531.51,Swiss Franc,1531.51,Swiss Franc,Cheque,0
2022/09/07 16:53,70,1004287C8,10,8062D47D0,7573.83,Ruble,7573.83,Ruble,Cheque,0
2022/09/10 12:48,10,8004D70D0,2952,80539CF20,559.4,US Dollar,559.4,US Dollar,Cheque,0
2022/09/09 06:57,11056,8009D3520,11852,8018FA4B0,1137.91,Euro,1137.91,Euro,ACH,0
2022/09/08 18:08,211,80CCA1A10,110,80CDED590,686.6,Brazil Real,686.6,Brazil Real,Cheque,0
2022/09/09 17:24,5394,8089F5000,122916,808E58830,2794.57,US Dollar,2794.57,US Dollar,Credit Card,0
2022/09/02 05:07,16606,80B6768D0,232880,80C365DE0,557.05,US Dollar,557.05,US Dollar,Cheque,0
2022/09/01 00:22,11030,80934B9B0,11030,80934B9B0,1285.49,US Dollar,1285.49,US Dollar,Reinvestment,0
2022/09/01 06:28,70,100428A08,223,812414A90,11811.6,Saudi Riyal,11811.6,Saudi Riyal,Credit Card,0
2022/09/01 07:47,20,801FC8E70,250262,812F50EF0,1878.44,Euro,1878.44,Euro,Cheque,0
2022/09/01 00:18,22164,800CE9090,22164,800CE9090,3.84,US Dollar,3.84,US Dollar,Reinvestment,0
2022/09/05 07:17,249176,811E53750,48910,81200ECB0,17098.22,Saudi Riyal,17098.22,Saudi Riyal,Credit Card,0
2022/09/10 12:33,215242,8079C0EA0,19542,8083305F0,2300.21,Euro,2300.21,Euro,Cheque,0
2022/09/07 15:35,1665,8004388E0,1412,801A1ABC0,356.9,US Dollar,356.9,US Dollar,Credit Card,0
2022/09/07 21:53,1588,803388E60,236046,80D5517D0,6243.99,US Dollar,6243.99,US Dollar,Cheque,0
2022/09/01 18:48,212789,805C07170,215186,805CFBDB0,916571.59,Rupee,916571.59,Rupee,Credit Card,0
2022/09/07 06:42,211212,804A75490,211212,804A75490,196.96,Swiss Franc,215.25,US Dollar,ACH,0
2022/09/06 16:35,117907,807749680,15231,80FBC21E0,51.4,Euro,51.4,Euro,Cheque,0
2022/09/01 19:04,134920,80CE441B0,235551,80CF84F30,635.5,Brazil Real,635.5,Brazil Real,Cheque,0
2022/09/01 15:06,214,809B46260,214,809B46260,18.75,Canadian Dollar,18.75,Canadian Dollar,Reinvestment,0
2022/09/10 02:54,116425,8062761C0,217125,8063376D0,24066.95,Ruble,24066.95,Ruble,Credit Card,0
2022/09/01 14:12,215841,80B22E4D0,215841,80B22E4D0,277.98,US Dollar,277.98,US Dollar,Reinvestment,0
2022/09/02 08:14,112,8000C7240,137218,80DBE82C0,2046.68,Swiss Franc,2046.68,Swiss Franc,Cheque,0
2022/09/01 00:05,13862,803E7AFF0,17769,8088A1E90,11.48,Euro,11.48,Euro,Credit Card,0
2022/09/08 23:12,29115,80AD6EB50,27755,80AD960E0,61.43,Australian Dollar,61.43,Australian Dollar,Cash,0
2022/09/01 12:59,132722,80CAB38A0,1601,80E544EE0,1182.47,US Dollar,1182.47,US Dollar,Credit Card,0
2022/09/09 10:43,29685,806E848C0,21258,806E61190,1885.81,US Dollar,1885.81,US Dollar,ACH,0
2022/09/05 20:28,122055,809082BD0,24779,8091021C0,14690.06,Canadian Dollar,14690.06,Canadian Dollar,Cheque,0
2022/09/08 02:15,1467,8002C9B90,23833,80275AD70,895.4,US Dollar,895.4,US Dollar,Cheque,0
2022/09/06 00:08,218638,806C7F550,7,806D78250,5047.63,Ruble,5047.63,Ruble,Credit Card,0
2022/09/09 07:30,2591,800BA2130,23,801DF5760,1974.19,Euro,1974.19,Euro,ACH,0
2022/09/09 19:33,1669,80159B2F0,23,8026966A0,19357.72,Euro,19357.72,Euro,Wire,0
2022/09/07 22:25,6803,804EA9EC0,113865,808D402D0,61713.31,US Dollar,61713.31,US Dollar,Cheque,0
2022/09/01 18:22,3,8049A3800,71,804A010E0,238567.1,Rupee,238567.1,Rupee,Cheque,0
2022/09/04 05:18,27920,8033C96B0,219077,814231990,1333797.21,Euro,1333797.21,Euro,Cheque,0
2022/09/09 05:16,70,1004286A8,20,802E0BCD0,18.09,Euro,18.09,Euro,Cash,0
2022/09/01 00:00,13264,801232090,29089,80592CDA0,161254.58,US Dollar,161254.58,US Dollar,Cheque,0
2022/09/06 00:39,14549,802AC04C0,6276,807AE55E0,672.29,US Dollar,672.29,US Dollar,Credit Card,0
2022/09/01 13:45,15643,8067FB4D0,225589,8126567E0,1378.13,Euro,1378.13,Euro,Cheque,0
2022/09/01 17:08,24,80C3D66A0,24,80C3D66A0,2680573.13,Yen,2680573.13,Yen,Reinvestment,0
2022/09/01 13:20,4242,801BCD5A0,136262,80ECA9C50,247.81,US Dollar,247.81,US Dollar,Cheque,0
2022/09/01 11:36,21575,80C440E10,21575,80C440E10,167.88,US Dollar,167.88,US Dollar,Reinvestment,0
2022/09/03 06:00,908,800E9B580,908,8020225F0,3100.93,US Dollar,3100.93,US Dollar,Cheque,0
2022/09/07 22:10,1068,8007267C0,7478,8033EC600,19.55,US Dollar,19.55,US Dollar,ACH,0
2022/09/01 00:17,35852,813996490,35852,813996490,16.32,US Dollar,16.32,US Dollar,Reinvestment,0
2022/09/01 15:52,1916,801164430,410,802D36030,24.6,Euro,24.6,Euro,Cheque,0
2022/09/06 05:31,152627,813DC8B51,254958,8141530B1,0.063075,Bitcoin,0.063075,Bitcoin,Bitcoin,0
2022/09/07 00:23,210617,8080B7B70,24963,811CAAA30,4.69,Euro,4.69,Euro,Credit Card,0
2022/09/08 00:21,1655,800E24EB0,122342,80BB35050,215.32,Euro,215.32,Euro,Credit Card,0
2022/09/09 00:48,348973,811E99E00,48526,811E993E0,392.24,Saudi Riyal,392.24,Saudi Riyal,ACH,0
2022/09/07 19:52,4866,8067F1070,14804,80CA77BB0,11.55,US Dollar,11.55,US Dollar,ACH,0
2022/09/01 12:23,8074,808111110,8074,808111110,244.85,Euro,244.85,Euro,Reinvestment,0
2022/09/05 05:55,126,813B38851,152627,813B83311,0.091059,Bitcoin,0.091059,Bitcoin,Bitcoin,0
2022/09/10 20:44,213,80A4340D0,131086,80B7BD1A0,26515.65,Mexican Peso,26515.65,Mexican Peso,Credit Card,0
2022/09/01 10:18,127179,8134EB850,1502,8134EAB60,1618.88,Euro,1618.88,Euro,ACH,0
2022/09/10 22:39,38478,80EB3E090,118,80ED60F80,2816.6,Swiss Franc,2816.6,Swiss Franc,Cheque,0
2022/09/01 02:21,22806,8068E3B20,22806,8068E3B20,57832.22,Euro,57832.22,Euro,Reinvestment,0
2022/09/01 00:01,5175,80ABB5C70,8455,811CAAEE0,11411.28,Euro,11411.28,Euro,Credit Card,0
2022/09/06 06:06,70,100428780,112497,804C448F0,768715885.93,Rupee,768715885.93,Rupee,Cheque,0
2022/09/08 11:37,19,80A196C30,29056,80ADB9F90,13444.95,Australian Dollar,13444.95,Australian Dollar,ACH,0
2022/09/06 04:19,41837,81211D490,41837,81211D490,625.54,US Dollar,4189.64,Yuan,ACH,0
2022/09/09 11:17,12,80018B2C0,121698,80BF94E10,1138.83,US Dollar,1138.83,US Dollar,Credit Card,0
2022/09/02 18:50,21745,801D309F0,21831,80210C740,80001.79,Euro,80001.79,Euro,Cheque,0
2022/09/07 19:20,23833,801771650,10232,8052FC5F0,12163.2,US Dollar,12163.2,US Dollar,Credit Card,0
2022/09/01 00:00,220572,808DC2A40,220572,808DC2A40,146239.58,UK Pound,146239.58,UK Pound,Reinvestment,0
2022/09/05 00:43,70,100428660,1068,8027792E0,315.79,US Dollar,315.79,US Dollar,Credit Card,0
2022/09/09 21:22,28237,80A5E6520,127999,80A5FC950,1747.58,Australian Dollar,1747.58,Australian Dollar,Cash,0
2022/09/01 04:23,251264,812D7D630,251264,812D7D630,159364.65,Saudi Riyal,159364.65,Saudi Riyal,Reinvestment,0
2022/09/07 01:52,40312,80F39AC10,39775,80F398CD0,3378.85,Swiss Franc,3378.85,Swiss Franc,ACH,0
2022/09/02 08:27,245668,810B96240,246162,810D1BDD0,9137.32,Shekel,9137.32,Shekel,Credit Card,0
2022/09/05 13:29,70,1004286A8,23554,80B302DA0,13662.78,Euro,13662.78,Euro,Cheque,0
2022/09/01 22:53,2952,8012EE510,2843,801C389A0,132233.91,US Dollar,132233.91,US Dollar,Wire,0
2022/09/05 09:19,8,809132A70,214,80922FFB0,673.63,Canadian Dollar,673.63,Canadian Dollar,Cheque,0
2022/09/09 03:27,11471,805319F50,31653,812D9D5C0,1331.22,US Dollar,1331.22,US Dollar,Cheque,0
2022/09/02 22:12,136110,813588920,113865,81422E7F0,2385.87,US Dollar,2385.87,US Dollar,ACH,0
2022/09/03 07:59,20,801C3E0D0,18951,8082F9750,604.15,Euro,604.15,Euro,Credit Card,0
2022/09/01 23:54,39721,80F5181B0,118,80F86E510,181055.68,Swiss Franc,181055.68,Swiss Franc,Cheque,0
2022/09/01 12:31,211164,80487C7C0,211164,80487C7C0,9.94,Euro,9.94,Euro,Reinvestment,0
2022/09/07 18:53,16136,8065759A0,1411,808D5BC90,482.69,US Dollar,482.69,US Dollar,Credit Card,0
2022/09/02 01:45,324833,8096ADBA0,25170,8096ACD90,237.79,Canadian Dollar,237.79,Canadian Dollar,Credit Card,0
2022/09/01 11:43,20,800102810,12004,8017E2650,219.29,Euro,219.29,Euro,Cheque,0
2022/09/01 02:54,222268,80874C830,222268,80874C830,10280.46,UK Pound,10280.46,UK Pound,Reinvestment,0
2022/09/07 13:56,70,1004286A8,28183,807341220,29.16,Euro,29.16,Euro,Cash,0
2022/09/01 00:08,135034,80D8F8F00,135034,80D8F8F00,46260.12,Brazil Real,46260.12,Brazil Real,Reinvestment,0
2022/09/07 13:21,14325,80445C070,228921,80B4349C0,130.54,US Dollar,130.54,US Dollar,Cheque,0
2022/09/03 03:39,1467,8003E7550,19474,805A13970,1291.16,US Dollar,1291.16,US Dollar,Cheque,0
2022/09/08 07:35,4,806ED0C70,28,8074C4AF0,11686.54,Ruble,11686.54,Ruble,Cash,0
2022/09/09 12:52,13516,8027B2390,31144,814502D90,6434.42,Euro,6434.42,Euro,Cheque,0
2022/09/01 08:57,70,100428660,1688,8009BCE10,89.95,US Dollar,89.95,US Dollar,Credit Card,0
2022/09/09 08:10,70,100428660,3149,8058D57A0,533.13,US Dollar,533.13,US Dollar,Credit Card,0
2022/09/05 10:28,19329,80AE341E0,123288,80C2B7980,279.23,US Dollar,279.23,US Dollar,Credit Card,0
2022/09/09 01:30,339252,80F221920,240774,80F1FC790,121.67,Swiss Franc,121.67,Swiss Franc,ACH,0
2022/09/01 08:18,125607,809A48DB0,227471,809EDBA70,27260.72,Canadian Dollar,27260.72,Canadian Dollar,Cheque,0
2022/09/05 15:54,223,8000DFDB0,48308,811C37C50,118.05,Saudi Riyal,118.05,Saudi Riyal,Credit Card,0
2022/09/09 15:34,1241,8024B80C0,1241,8024B80C0,380.9,Australian Dollar,269.61,US Dollar,ACH,0
2022/09/01 00:00,17174,80EBB9330,17174,80EBB9330,12.91,Euro,12.91,Euro,Reinvestment,0
2022/09/05 10:08,6625,81119BED0,16450,8127737C0,44.89,Euro,44.89,Euro,ACH,0
2022/09/02 00:53,225,813D83381,153827,813F6F361,0.191398,Bitcoin,0.191398,Bitcoin,Bitcoin,0
2022/09/02 23:22,319046,8139BFA50,24032,813A5FF80,493.19,US Dollar,493.19,US Dollar,Cheque,0
2022/09/01 00:13,1244,801A90050,1729,802B41240,16574.75,US Dollar,16574.75,US Dollar,Credit Card,0
2022/09/08 15:13,12,804DEC7A0,27564,81015B3C0,361.26,US Dollar,361.26,US Dollar,Cheque,0
2022/09/02 03:21,345186,8108A9720,1198,8109107E0,404.86,Shekel,404.86,Shekel,Cheque,0
2022/09/01 13:43,11904,802101510,29003,80B274060,499.34,US Dollar,499.34,US Dollar,Credit Card,0
2022/09/06 19:06,24132,801A3CA30,11030,807B40F00,6413.3,US Dollar,6413.3,US Dollar,Cash,0
2022/09/02 17:20,5836,80DF3C610,4503,812333550,45.4,US Dollar,45.4,US Dollar,Cash,0
2022/09/07 23:56,110,8000BFD30,29,8000C27B0,849.77,Brazil Real,849.77,Brazil Real,Cash,0
2022/09/01 14:59,138335,80E28C870,138395,80E8AFBB0,11.45,Swiss Franc,11.45,Swiss Franc,Credit Card,0
2022/09/02 02:31,1,8034609C0,38315,8127015D0,1227.56,US Dollar,1227.56,US Dollar,Cheque,0
2022/09/02 06:59,143430,81129CE00,247706,8115CFD90,4848746.4,Shekel,4848746.4,Shekel,ACH,0
2022/09/01 21:00,322337,80A3A30B0,322337,80A3A30B0,5158.7,US Dollar,5158.7,US Dollar,Reinvestment,0
2022/09/09 16:12,13157,804B325B0,112931,805604D00,287562.67,Rupee,287562.67,Rupee,ACH,0
2022/09/06 14:23,70,100428660,1124,803340990,112.85,US Dollar,112.85,US Dollar,Cash,0
2022/09/09 19:26,35743,802205E20,4403,8021FE8F0,185.24,US Dollar,185.24,US Dollar,Cheque,0
2022/09/01 11:23,22828,802CC1490,7478,803D54A00,8959.45,US Dollar,8959.45,US Dollar,Cheque,0
2022/09/08 19:24,1047,800BCFEB0,4766,80B496F40,11187.05,US Dollar,11187.05,US Dollar,Cheque,0
2022/09/05 00:06,3051,80E4A0740,38132,810E55150,3.97,US Dollar,3.97,US Dollar,Credit Card,0
2022/09/02 15:06,1688,80359FC90,115359,812DE5920,180.48,US Dollar,180.48,US Dollar,Credit Card,0
2022/09/06 22:55,1501,8026B99A0,24132,802FAA980,11186.6,US Dollar,11186.6,US Dollar,Cheque,0
2022/09/01 13:23,29404,808D23520,36121,811B54EA0,3.79,US Dollar,3.79,US Dollar,Wire,0
2022/09/05 15:09,9679,8039DA480,1674,803AC3530,6.59,US Dollar,6.59,US Dollar,Cash,0
2022/09/01 15:21,146713,8136B2A50,146713,8136B2A50,3.43,US Dollar,3.43,US Dollar,Reinvestment,0
2022/09/01 15:32,1362,800D39160,1853,8013874E0,15048.29,US Dollar,15048.29,US Dollar,Cheque,0
2022/09/05 11:50,213,80906CBC0,213,8095DF280,64.11,Canadian Dollar,64.11,Canadian Dollar,Cheque,0
2022/09/01 20:23,3149,80E083020,221527,812B9DBB0,448949.94,US Dollar,448949.94,US Dollar,Cheque,0
2022/09/05 01:26,12,80B720030,1132,80B756A20,84062.69,Mexican Peso,84062.69,Mexican Peso,Credit Card,0
2022/09/04 08:48,8354,8033209F0,17732,8053909B0,234.12,US Dollar,234.12,US Dollar,Cheque,0
2022/09/03 14:09,70,1004286A8,12,8006414E0,163831.07,Euro,163831.07,Euro,Cash,0
2022/09/08 15:49,1457,803579720,4766,803579810,4447.58,US Dollar,4447.58,US Dollar,ACH,0
2022/09/05 15:42,70,100428660,27637,811EB4C40,94.0,US Dollar,94.0,US Dollar,Cheque,0
2022/09/09 14:59,70,1004286F0,9691,804C7EEB0,55.64,Yuan,55.64,Yuan,Credit Card,0
2022/09/09 17:45,24144,8024E3050,5464,8027E96F0,973.24,Euro,973.24,Euro,Credit Card,0
2022/09/09 18:10,1665,80041D420,23885,8057C2AA0,5238.24,US Dollar,5238.24,US Dollar,Credit Card,0
2022/09/08 13:02,1688,80C3542C0,129974,80E004940,40613.56,US Dollar,40613.56,US Dollar,Cash,0
2022/09/03 12:14,140561,812C81AD0,135290,812C81120,3667.27,US Dollar,3667.27,US Dollar,ACH,0
2022/09/06 00:46,11974,8022041A0,123773,80DF716E0,320.49,US Dollar,320.49,US Dollar,Cheque,0
2022/09/01 11:17,19318,8036E7E80,19318,8036E7E80,68.57,Yuan,68.57,Yuan,Reinvestment,0
2022/09/08 04:21,18902,8039D32F0,140561,8126EF6A0,16.06,US Dollar,16.06,US Dollar,Cash,0
2022/09/09 17:01,1292,8001DE200,220,800B29140,211.99,US Dollar,211.99,US Dollar,Credit Card,0
2022/09/04 07:06,254242,813DD6121,153827,813F82801,36.063077,Bitcoin,36.063077,Bitcoin,Bitcoin,0
2022/09/08 01:32,7,8060BC260,16787,806436550,370760.1,Ruble,370760.1,Ruble,Credit Card,0
2022/09/07 03:09,116,80E468350,39678,80E963720,370.7,Swiss Franc,370.7,Swiss Franc,Credit Card,0
2022/09/09 12:09,12735,80121E370,2627,80DA98270,697.64,US Dollar,697.64,US Dollar,Cheque,0
2022/09/01 21:41,10,80071C080,1,801130530,70.07,US Dollar,70.07,US Dollar,Cheque,0
2022/09/02 10:03,346573,8110A9BB0,15643,8110A7AA0,179.47,Euro,179.47,Euro,Credit Card,0
2022/09/02 10:24,12,800531890,11642,80E58F320,389.28,US Dollar,389.28,US Dollar,Wire,0
2022/09/09 21:39,70,100428660,15085,813FEB3E0,2.54,US Dollar,2.54,US Dollar,Cash,0
2022/09/07 22:10,21,803E57C90,210690,803B49B30,81134.67,Yen,81134.67,Yen,ACH,0
2022/09/01 06:37,143598,810369330,143598,810369330,11.18,Shekel,11.18,Shekel,Reinvestment,0
2022/09/02 04:51,9587,803608450,9587,803608450,392.62,Euro,3081.33,Yuan,ACH,0
2022/09/09 08:34,1362,80025B690,1411,8022BC050,173.25,US Dollar,173.25,US Dollar,Cheque,0
2022/09/02 03:54,70,1004286A8,6030,80C0A70B0,1048.23,Euro,1048.23,Euro,Credit Card,0
2022/09/05 07:55,26174,809904100,126876,809EFDEE0,17669.88,Canadian Dollar,17669.88,Canadian Dollar,Cheque,0
2022/09/06 12:05,10,8005A6460,11471,803184030,3441.09,US Dollar,3441.09,US Dollar,Cheque,0
2022/09/09 12:45,25075,80BDDAA30,136651,810696080,1252.3,US Dollar,1252.3,US Dollar,Cheque,0
2022/09/08 11:33,239654,812DF5AD0,34670,8144FA280,411.02,Yuan,411.02,Yuan,Cheque,0
2022/09/09 11:15,116,80E62BF50,38478,80E9921C0,709.66,Swiss Franc,709.66,Swiss Franc,Credit Card,0
2022/09/09 13:18,220,800482120,1412,800CC33E0,1484.21,US Dollar,1484.21,US Dollar,Credit Card,0
2022/09/01 00:18,11056,803CB4A40,11056,803CB4A40,19234.9,Euro,19234.9,Euro,Reinvestment,0
2022/09/03 06:41,70,100428810,222268,808E38910,515.59,UK Pound,515.59,UK Pound,Cash,0
2022/09/10 00:27,1655,801C05730,13959,80AF06300,209.53,Euro,209.53,Euro,Credit Card,0
2022/09/02 12:08,70,1004286A8,21749,800C72BB0,1513.5,Euro,1513.5,Euro,Credit Card,0
2022/09/08 02:03,70,100428930,115,80CE13EA0,10261.71,Brazil Real,10261.71,Brazil Real,Cheque,0
2022/09/09 14:36,217824,806B46C00,17554,80701FC80,2947.87,Ruble,2947.87,Ruble,Cheque,0
2022/09/02 00:02,33872,801E5DA30,1501,801E5CA30,319.71,Euro,319.71,Euro,Cheque,0
2022/09/06 11:47,70,100428660,231706,80E661040,6548.6,US Dollar,6548.6,US Dollar,Credit Card,0
2022/09/06 23:38,218202,80F7E3650,15863,811D08090,73.95,Euro,73.95,Euro,ACH,0
2022/09/01 16:34,17327,80E5A9070,17327,80E5A9070,58.18,US Dollar,58.18,US Dollar,Reinvestment,0
2022/09/01 09:08,11056,8009EAFC0,1490,802697F50,4909.14,Euro,4909.14,Euro,Cheque,0
2022/09/01 08:04,22205,802682990,12719,802682940,4146.74,US Dollar,4146.74,US Dollar,ACH,0
2022/09/09 02:01,35909,812D9AED0,237016,812D99980,71.7,US Dollar,71.7,US Dollar,Cheque,0
2022/09/02 11:34,344797,8113796C0,119,811381BF0,510.14,Shekel,510.14,Shekel,ACH,0
2022/09/01 04:46,4766,80321B210,4766,80321B210,2289.61,US Dollar,2289.61,US Dollar,Reinvestment,0
2022/09/09 10:26,343808,8107A8B80,119,8107A8860,661.67,Shekel,661.67,Shekel,Cheque,0
2022/09/09 02:14,137218,80E51A940,240229,80EEAB0C0,134.63,Swiss Franc,134.63,Swiss Franc,ACH,0
2022/09/01 00:20,19,80950B430,19,80950B430,1326.05,Canadian Dollar,1326.05,Canadian Dollar,Reinvestment,0
2022/09/07 08:07,6803,802CA9030,211075,80A0F16E0,3018.64,US Dollar,3018.64,US Dollar,Cheque,0
2022/09/10 02:31,1547,802994F60,1024,80299F770,1914.8,Euro,1914.8,Euro,ACH,0
2022/09/08 17:33,70,1004288A0,28317,80A934F50,27387.51,Australian Dollar,27387.51,Australian Dollar,Cheque,0
2022/09/01 14:56,217,80FDC2330,245441,81138EF40,11343.42,Shekel,11343.42,Shekel,Credit Card,0
2022/09/07 19:19,24840,803BC7BE0,13057,80789AAE0,248.1,Euro,248.1,Euro,Wire,0
2022/09/02 12:33,6179,802774190,2952,805CB1740,19829.73,US Dollar,19829.73,US Dollar,Credit Card,0
2022/09/06 12:55,16787,806132320,217125,806F18550,367691.08,Ruble,367691.08,Ruble,Credit Card,0
2022/09/05 08:46,137218,80E51A300,116,80FC7F7B0,50.84,Swiss Franc,50.84,Swiss Franc,ACH,0
2022/09/09 11:46,4242,8052BD130,226657,81345A4A0,684.2,US Dollar,684.2,US Dollar,Cheque,0
2022/09/02 02:08,22,800799670,14290,805ADFCC0,29606.15,Euro,29606.15,Euro,Cash,0
2022/09/08 19:39,211,807E60130,5,8085F6E60,274.77,UK Pound,274.77,UK Pound,Cheque,0
2022/09/06 23:32,70,1004286A8,16388,8048BA770,2610.44,Euro,2610.44,Euro,Credit Card,0
2022/09/06 23:33,13345,801B2E0D0,5464,8020E9300,307.94,Euro,307.94,Euro,Cheque,0
2022/09/04 22:51,126,8000EAC81,153502,813C99FA1,0.032308,Bitcoin,0.032308,Bitcoin,Bitcoin,0
2022/09/01 15:47,32953,80110AB40,32953,80110AB40,453.6,Euro,453.6,Euro,Reinvestment,0
2022/09/08 15:53,54642,8142C5A61,153502,8148C19B1,0.021314,Bitcoin,0.021314,Bitcoin,Bitcoin,0
2022/09/01 21:33,116214,8122006F0,116214,8122006F0,13001.37,US Dollar,13001.37,US Dollar,Reinvestment,0
2022/09/01 00:06,2385,8026E3750,2385,8026E3750,7893.68,US Dollar,7893.68,US Dollar,Reinvestment,0
2022/09/02 19:38,126094,809D19AD0,126094,809EE5C00,5473.3,Canadian Dollar,5473.3,Canadian Dollar,Credit Card,0
2022/09/10 09:21,18180,80C2249D0,123308,812907400,2280.12,Euro,2280.12,Euro,Cheque,0
2022/09/10 10:37,25768,8033DBEF0,1299,80337EA20,3040.15,Euro,3040.15,Euro,ACH,0
2022/09/09 04:32,11296,801796BE0,14077,804FC5060,1942.37,US Dollar,1942.37,US Dollar,Credit Card,0
2022/09/09 01:03,1068,804965820,1420,80D53F250,2958.44,US Dollar,2958.44,US Dollar,Cash,0
2022/09/08 05:37,70,1004289C0,1198,81093EA40,2100.14,Shekel,2100.14,Shekel,Cheque,0
2022/09/06 21:55,27444,80317C520,44345,811E161A0,170.27,US Dollar,170.27,US Dollar,ACH,0
2022/09/08 01:11,221691,80DD7BDD0,223233,80E492710,243.21,US Dollar,243.21,US Dollar,Wire,0
2022/09/08 07:30,12,8001FB010,5466,8033BE590,1945.71,Euro,1945.71,Euro,Cheque,0
2022/09/01 00:20,1068,8016AADF0,1068,8016AADF0,194343.35,US Dollar,194343.35,US Dollar,Reinvestment,0
2022/09/01 13:35,3655,8029D5CC0,26624,8043EF140,17803.11,Euro,17803.11,Euro,Credit Card,0
2022/09/02 19:10,214,8080FB1F0,214,809491CD0,19192.64,Canadian Dollar,19192.64,Canadian Dollar,Credit Card,0
2022/09/07 20:35,13516,80BAC58A0,14011,8141FDF90,3086.93,Euro,3086.93,Euro,Credit Card,0
2022/09/01 02:19,1,800A98660,211075,8076C1300,623.56,US Dollar,623.56,US Dollar,ACH,0
2022/09/09 13:35,116,80EAF5AF0,112,80EAF5080,253.46,Swiss Franc,253.46,Swiss Franc,ACH,0
2022/09/07 04:26,127999,80A6F04A0,28094,80AFB9580,197.17,Australian Dollar,197.17,Australian Dollar,Credit Card,0
2022/09/06 17:24,16787,806216B40,117143,8064A8F50,28772.76,Ruble,28772.76,Ruble,Cheque,0
2022/09/05 20:15,70,1004286A8,5466,80B534370,2350.52,Euro,2350.52,Euro,Credit Card,0
2022/09/05 04:24,235509,80D8B60B0,235843,80DB61770,518.44,Brazil Real,518.44,Brazil Real,Cheque,0
2022/09/05 05:29,243614,8102523A0,14,8108D32C0,573.25,Shekel,573.25,Shekel,Credit Card,0
2022/09/04 23:27,113685,80CE30DE0,24550,80E3AC150,428.05,US Dollar,428.05,US Dollar,Credit Card,0
2022/09/10 00:09,2947,808BDD4E0,1,800252B20,1358.87,US Dollar,1358.87,US Dollar,Credit Card,0
2022/09/03 12:41,1198,8101BECF0,245748,811861A60,121.26,Shekel,121.26,Shekel,Cheque,0
2022/09/09 05:58,21,803834780,19925,803AFE300,34923.01,Yen,34923.01,Yen,Credit Card,0
2022/09/01 17:08,11056,800EF6570,11056,800EF6570,2556.36,Euro,2556.36,Euro,Reinvestment,0
2022/09/08 11:56,112637,8056C8710,212789,8058EA4D0,10114.57,Rupee,10114.57,Rupee,Cash,0
2022/09/07 20:49,115,80CE54250,134939,80CF59D40,716.81,Brazil Real,716.81,Brazil Real,Cheque,0
2022/09/08 19:08,17732,80C8184B0,216645,811822320,1265.78,US Dollar,1265.78,US Dollar,Wire,0
2022/09/07 14:52,5425,8026C2620,22806,805A3AA10,1858.32,Euro,1858.32,Euro,Credit Card,0
2022/09/08 07:27,211,80A1B88A0,28611,80A90F220,27.69,Australian Dollar,27.69,Australian Dollar,Wire,0
2022/09/08 13:03,14381,8054D4A20,3,8055F5630,3118.12,Rupee,3118.12,Rupee,ACH,0
2022/09/02 08:35,4866,801EAA240,236418,80E0B31C0,645.0,US Dollar,645.0,US Dollar,Credit Card,0
2022/09/01 20:47,3144,80BD537A0,3144,80BD537A0,475170.47,US Dollar,475170.47,US Dollar,Reinvestment,0
2022/09/09 23:10,312888,8055D01F0,112064,8055CF840,10425.08,Rupee,10425.08,Rupee,ACH,0
2022/09/01 00:07,332765,80C070430,28,80C06EBC0,53109.99,Mexican Peso,53109.99,Mexican Peso,ACH,0
2022/09/06 06:26,11157,8012D9850,11904,806301A50,5157.33,US Dollar,5157.33,US Dollar,Cheque,0
2022/09/02 07:24,33872,80C8F7130,133471,80CAA3C50,274490.87,Mexican Peso,274490.87,Mexican Peso,ACH,0
2022/09/09 09:10,1,8004AE280,10,80116BA70,1124.69,US Dollar,1124.69,US Dollar,Cheque,0
2022/09/08 00:34,13345,801735690,12797,801F21620,68.53,Euro,68.53,Euro,Cash,0
2022/09/02 02:20,2915,801E1AAB0,1024,80B2FA610,1161.71,Euro,1161.71,Euro,Cash,0
2022/09/09 22:15,10,801AD4D10,12381,802A1EE60,305.67,US Dollar,305.67,US Dollar,Cheque,0
2022/09/09 01:30,1522,8014A56D0,15010,807914F00,327.77,Euro,327.77,Euro,ACH,0
2022/09/08 08:02,13145,8014F1F90,1686,8043F48D0,332.84,US Dollar,332.84,US Dollar,Cheque,0
2022/09/02 13:13,70,1004287C8,7,8073B2370,219291.25,Ruble,219291.25,Ruble,Cheque,0
2022/09/01 11:22,136823,80F2A8ED0,24515,812213530,96.21,US Dollar,96.21,US Dollar,ACH,0
2022/09/06 00:24,5466,803D867D0,215242,80BF575F0,495.17,Euro,495.17,Euro,Cheque,0
2022/09/02 23:32,238190,80E4C5540,118,80E4C3C50,2416.0,Swiss Franc,2416.0,Swiss Franc,ACH,0
2022/09/09 00:17,14,80BC5BED0,8248,80D5FD9D0,4658.91,Yuan,4658.91,Yuan,ACH,0
2022/09/07 10:32,15,80387ABC0,15,803AA2AB0,38165.45,Yen,38165.45,Yen,ACH,0
2022/09/05 21:08,12461,80644C370,113935,80C239080,11352.28,Euro,11352.28,Euro,ACH,0
2022/09/01 07:52,12513,80A627470,12513,80A627470,14.56,Euro,14.56,Euro,Reinvestment,0
2022/09/05 02:31,210,8090BCD40,24856,809561730,3.37,Canadian Dollar,3.37,Canadian Dollar,Cash,0
2022/09/06 19:11,70,100428A51,154653,8146BDB31,0.027125,Bitcoin,0.027125,Bitcoin,Bitcoin,0
2022/09/01 10:05,1522,8010C7800,12561,80278E0F0,196.47,Euro,196.47,Euro,Cheque,0
2022/09/04 18:28,11157,800F369D0,1,80108A9D0,2301.78,US Dollar,2301.78,US Dollar,Cheque,0
2022/09/07 20:35,13157,804CF2900,214308,805D014A0,85484.19,Rupee,85484.19,Rupee,Cheque,0
2022/09/02 14:16,116843,806354C00,4,80646E820,90.98,Ruble,90.98,Ruble,ACH,0
2022/09/05 00:30,13145,8026A4230,130864,811826AC0,408.62,US Dollar,408.62,US Dollar,ACH,0
2022/09/10 17:46,116,80E23F050,41148,80F349E80,2471.39,Swiss Franc,2471.39,Swiss Franc,Wire,0
2022/09/02 16:52,4,80609E960,16678,8060C6D80,1442618.1,Ruble,1442618.1,Ruble,Cash,0
2022/09/01 00:05,116214,80825C1A0,116214,80825C1A0,20.55,US Dollar,20.55,US Dollar,Reinvestment,0
2022/09/09 13:41,70,100428660,1412,801504B30,2651.3,US Dollar,2651.3,US Dollar,Credit Card,0
2022/09/08 14:15,19477,80750FA90,3,80D9A1B00,1114.14,Yuan,1114.14,Yuan,Cheque,0
2022/09/08 21:59,11471,80FC67E90,7042,813470260,525.55,US Dollar,525.55,US Dollar,Cheque,0
2022/09/02 08:08,3335,8016754D0,5425,802634D00,2401.22,Euro,2401.22,Euro,Cheque,0
2022/09/01 00:01,1412,800E14330,22828,801AC6610,26567.84,US Dollar,26567.84,US Dollar,Credit Card,0
2022/09/05 00:18,139342,80F550A60,137218,80EA601A0,45.46,Swiss Franc,45.46,Swiss Franc,Credit Card,0
2022/09/02 05:17,4503,8081AA160,238151,81383BDB0,155652.38,US Dollar,155652.38,US Dollar,Wire,0
2022/09/04 04:58,13078,804D95690,14814,8056B8910,46104.41,Rupee,46104.41,Rupee,Credit Card,0
2022/09/05 10:22,14433,802774600,115159,8111DD820,109.99,US Dollar,109.99,US Dollar,Credit Card,0
2022/09/10 06:28,29089,8049615E0,18015,80AB1B040,25197.15,US Dollar,25197.15,US Dollar,Cheque,0
2022/09/06 06:33,19925,803F5EA00,24,80409D900,51597.25,Yen,51597.25,Yen,Cheque,0
2022/09/05 08:46,1522,800A1B820,23525,80189CCB0,82.14,Euro,82.14,Euro,Cheque,0
2022/09/07 15:21,1,8004546E0,6276,806E99170,117.42,US Dollar,117.42,US Dollar,Cheque,0
2022/09/05 01:50,13554,802547520,23,80708F610,242.0,Euro,242.0,Euro,Credit Card,0
2022/09/02 11:04,15,803A00ED0,210261,803FCE670,21092.72,Yen,21092.72,Yen,Cash,0
2022/09/01 02:28,12,800146B60,12,800146B60,305458.74,US Dollar,305458.74,US Dollar,Reinvestment,0
2022/09/05 01:43,24856,8098C3DE0,24779,809DC71B0,312.31,Canadian Dollar,312.31,Canadian Dollar,Credit Card,0
2022/09/05 14:58,1241,800F01490,2947,810DC05C0,448.19,US Dollar,448.19,US Dollar,Credit Card,0
2022/09/09 09:39,220572,807FBA260,122332,808AE9760,4657.84,UK Pound,4657.84,UK Pound,Credit Card,0
2022/09/07 15:32,213,80A429710,1132,80BD37400,26334.22,Mexican Peso,26334.22,Mexican Peso,Cheque,0
2022/09/01 22:48,211,8138A5F30,211,8138A5F30,1592.28,UK Pound,1592.28,UK Pound,Reinvestment,0
2022/09/06 06:09,210690,804C84780,11808,80C46BA00,3333109.5,Yen,3333109.5,Yen,Cheque,0
2022/09/09 12:45,10,800086310,110,80D704CC0,25028.66,Brazil Real,25028.66,Brazil Real,Cheque,0
2022/09/08 12:46,210,809564610,24922,8098AE270,6285.58,Canadian Dollar,6285.58,Canadian Dollar,Credit Card,0
2022/09/05 09:02,131086,80C07EFF0,1132,80C608A00,5142.24,Mexican Peso,5142.24,Mexican Peso,Credit Card,0
2022/09/07 03:39,1588,80064CC00,2385,8073AB510,252.03,US Dollar,252.03,US Dollar,Cheque,0
2022/09/06 00:09,12,80034CF10,8623,804458630,1154114.0,US Dollar,1154114.0,US Dollar,Cheque,0
2022/09/05 19:35,4,800E0BF10,3,8010134C0,115280422.76,Yuan,115280422.76,Yuan,Cheque,0
2022/09/01 03:37,35852,80E1D4790,35852,80E1D4790,452.47,US Dollar,452.47,US Dollar,Reinvestment,0
2022/09/08 09:47,29467,803DA8EF0,210690,803DFE550,16528.28,Yen,16528.28,Yen,Credit Card,0
2022/09/02 00:28,8248,803627980,19740,80C8625D0,446.77,Yuan,446.77,Yuan,Credit Card,0
2022/09/07 09:52,701,801C3AF20,15980,802760450,1597.59,US Dollar,1597.59,US Dollar,Cash,0
2022/09/05 19:39,23146,803075950,20,80308C800,619.37,Yuan,619.37,Yuan,Cheque,0
2022/09/01 02:24,11642,80B69B3F0,11642,80B69B3F0,7.33,US Dollar,7.33,US Dollar,Reinvestment,0
2022/09/06 14:14,1588,80493C5E0,130584,80E91EEC0,28210684.01,US Dollar,28210684.01,US Dollar,Cheque,0
2022/09/01 20:40,9417,804C0BDC0,9209,80C240790,206.03,Yuan,206.03,Yuan,Cheque,0
2022/09/01 00:07,11813,80DE78DF0,11813,80DE78DF0,3.21,US Dollar,3.21,US Dollar,Reinvestment,0
2022/09/06 06:06,1362,801B22240,1362,8032DA720,11584.52,US Dollar,11584.52,US Dollar,Credit Card,0
2022/09/07 03:37,18107,80235CF20,3,8035DC9B0,61228.01,Yuan,61228.01,Yuan,Cheque,0
2022/09/01 01:28,21568,80873C730,212,8087EFE80,956516.01,UK Pound,956516.01,UK Pound,Cheque,0
2022/09/01 12:25,131380,80DD4AE70,131380,80DD4AE70,41102.51,Euro,41102.51,Euro,Reinvestment,0
2022/09/09 04:21,11056,80BA96520,129000,8144D9F20,31.09,Euro,31.09,Euro,Cheque,0
2022/09/09 22:03,1124,800DC63C0,1412,806FED6B0,464.65,US Dollar,464.65,US Dollar,Wire,0
2022/09/01 00:06,14650,801F9F3C0,2915,802646C00,41994.37,Euro,41994.37,Euro,Cheque,0
2022/09/09 08:34,3144,8032193B0,26860,8079130A0,12594.6,Euro,12594.6,Euro,Credit Card,0
2022/09/09 21:03,5627,80235E950,14,80E80EFA0,4363707.32,Yuan,4363707.32,Yuan,Cash,0
2022/09/01 02:15,215841,807D4F390,14549,80E0EC5A0,4580.41,US Dollar,4580.41,US Dollar,Cheque,0
2022/09/08 22:05,24,803A601C0,10099,804129EB0,416839.11,Yen,416839.11,Yen,Credit Card,0
2022/09/08 09:58,21749,800A244F0,23,80787FC40,7.01,Euro,7.01,Euro,ACH,0
2022/09/01 00:16,1501,800A223D0,1501,800A223D0,10.48,Euro,10.48,Euro,Reinvestment,0
2022/09/08 16:14,23,8002045A0,1665,80178F500,330.04,Euro,330.04,Euro,Cash,0
2022/09/10 02:19,28603,80A957200,28768,80AA3E520,1378825.11,Australian Dollar,1378825.11,Australian Dollar,ACH,0
2022/09/03 08:05,11471,800EF5120,3229,8069F80B0,285.02,US Dollar,285.02,US Dollar,Cash,0
2022/09/01 00:54,11474,80449EAD0,1241,807DB38A0,3737.36,US Dollar,3737.36,US Dollar,Credit Card,0
2022/09/02 15:58,1,8001275E0,22164,801301C60,209.02,US Dollar,209.02,US Dollar,Cheque,0
2022/09/05 00:47,1490,80029E4F0,23,80050D060,50.0,Euro,50.0,Euro,Credit Card,0
2022/09/09 10:51,225734,8097116E0,225454,809F6FBD0,6885.52,Canadian Dollar,6885.52,Canadian Dollar,Cheque,0
2022/09/07 07:46,210292,804310C70,10581,8145B0C00,262092.89,Yen,262092.89,Yen,Credit Card,0
2022/09/04 12:17,2439,805A705E0,214615,805C613F0,196.79,US Dollar,196.79,US Dollar,Cheque,0
2022/09/05 17:16,143496,81033F430,144225,81061A6C0,711.29,Shekel,711.29,Shekel,Wire,0
2022/09/06 08:48,1362,80048A780,11904,800F211C0,7740.77,US Dollar,7740.77,US Dollar,Cheque,0
2022/09/06 08:39,2915,802D95CE0,2915,802D95CE0,163.19,US Dollar,139.26,Euro,ACH,0
2022/09/01 08:52,214,80910E360,214,80910E360,29.09,Canadian Dollar,29.09,Canadian Dollar,Reinvestment,0
2022/09/10 11:54,2915,8005F4520,1522,800916170,14262.46,Euro,14262.46,Euro,ACH,0
2022/09/02 00:29,10,8045B4A90,233252,80C90A5F0,26302.14,US Dollar,26302.14,US Dollar,ACH,0
2022/09/05 15:57,11471,800CA2C00,22736,8027DA940,99.08,US Dollar,99.08,US Dollar,Cash,0
2022/09/09 02:26,310530,80AA7A5C0,6010,80AA7AB50,122.71,US Dollar,122.71,US Dollar,ACH,0
2022/09/06 06:21,1420,801708040,11296,8043BD3C0,586.43,US Dollar,586.43,US Dollar,Credit Card,0
2022/09/06 20:41,220,813F77031,152416,814543051,0.024561,Bitcoin,0.024561,Bitcoin,Bitcoin,0
2022/09/01 00:00,26860,802DB9DE0,26860,802DB9DE0,4.17,Euro,4.17,Euro,Reinvestment,0
2022/09/08 18:37,220572,807DDB650,20486,807FC4540,80.47,UK Pound,80.47,UK Pound,Wire,0
2022/09/07 05:19,11,8021DD410,5425,803CEB180,721.61,Euro,721.61,Euro,Wire,0
2022/09/10 02:53,21749,800D128B0,3123,801F65B50,28.89,Euro,28.89,Euro,Cheque,0
2022/09/02 16:36,287,806672490,28,806D6EB60,1214647.62,Ruble,1214647.62,Ruble,Credit Card,0
2022/09/01 14:25,24,8039F3BB0,24,8039F3BB0,13289434.14,Yen,13289434.14,Yen,Reinvestment,0
2022/09/08 19:46,8,809DE79B0,24941,809DF9910,16113.12,Canadian Dollar,16113.12,Canadian Dollar,Cash,0
2022/09/05 02:00,70,100428660,117299,80A0D71D0,718.3,US Dollar,718.3,US Dollar,Cheque,0
2022/09/04 11:54,70,100428978,112,80E53DD40,1303.41,Swiss Franc,1303.41,Swiss Franc,Cash,0
2022/09/02 01:58,21,800075700,24,8039D74A0,3088329.82,Yen,3088329.82,Yen,Cheque,0
2022/09/02 16:55,5,800099520,5,800099520,5815.61,UK Pound,5815.61,UK Pound,Credit Card,0
2022/09/09 06:15,6,804AB6D10,114590,80591C820,14973.49,Rupee,14973.49,Rupee,Cheque,0
2022/09/09 13:43,210690,804506380,10656,80461B5B0,19779.48,Yen,19779.48,Yen,Credit Card,0
2022/09/05 18:22,220,813A881C1,225,813D6B661,0.013776,Bitcoin,0.013776,Bitcoin,Bitcoin,0
2022/09/08 22:33,131086,80BD45540,133471,80C67A6E0,4253.99,Mexican Peso,4253.99,Mexican Peso,Wire,0
2022/09/05 16:53,21258,800C45980,129974,80DFC0710,3819.61,US Dollar,3819.61,US Dollar,Cheque,0
2022/09/04 14:43,2915,800EC8230,12561,80139D720,8.23,Euro,8.23,Euro,Cash,0
2022/09/01 20:49,16,8047943E0,112497,804ADD980,5410701.98,Rupee,5410701.98,Rupee,Cash,0
2022/09/01 00:01,16991,8078D8150,16991,8078D8150,18.54,Euro,18.54,Euro,Reinvestment,0
2022/09/10 04:29,12,8002964E0,20,8026EE200,101.01,Euro,101.01,Euro,Credit Card,0
2022/09/09 16:41,23,80005FD30,23,800125440,11805.78,Euro,11805.78,Euro,Credit Card,0
2022/09/02 05:52,23525,8025704F0,23555,8048B1A00,1835.22,Euro,1835.22,Euro,Credit Card,0
2022/09/10 03:25,1467,800C109F0,12446,80B83B5F0,230.36,US Dollar,230.36,US Dollar,Credit Card,0
2022/09/08 01:30,54219,81401DFF1,15,81409EE21,0.003084,Bitcoin,0.003084,Bitcoin,Bitcoin,0
2022/09/04 00:02,11,800282B60,21749,80FAC39E0,1782.59,Euro,1782.59,Euro,Cheque,0
2022/09/05 22:58,21550,800C1F660,1292,8051A4680,564.59,US Dollar,564.59,US Dollar,Credit Card,0
2022/09/10 03:41,70,1004287C8,218665,807019020,1065053.33,Ruble,1065053.33,Ruble,Credit Card,0
2022/09/05 14:05,12,80B720030,231744,80BE8C890,280375.4,Mexican Peso,280375.4,Mexican Peso,Credit Card,0
2022/09/09 13:32,27,80C206730,213,80C5D5BA0,802.95,Mexican Peso,802.95,Mexican Peso,Cash,0
2022/09/05 13:40,12513,800ED4970,27140,81262D910,13.08,Euro,13.08,Euro,ACH,0
2022/09/02 17:01,220,80056DC80,2843,8076F6EB0,34.99,US Dollar,34.99,US Dollar,ACH,0
2022/09/09 22:54,148016,811D84480,222,811EE68D0,315.39,Saudi Riyal,315.39,Saudi Riyal,Cheque,0
2022/09/10 17:43,225,812D1C4A1,225,812D1C4A1,0.054621,Bitcoin,0.054621,Bitcoin,Bitcoin,0
2022/09/01 00:00,120438,80D114E30,120438,80D114E30,14.78,US Dollar,14.78,US Dollar,Reinvestment,0
2022/09/08 14:23,25202,8098E85F0,25202,8098E9380,5218.66,Canadian Dollar,5218.66,Canadian Dollar,ACH,0
2022/09/09 19:46,24779,8094E6750,214,8095FE580,9921.23,Canadian Dollar,9921.23,Canadian Dollar,Credit Card,0
2022/09/01 09:48,7042,802B11EC0,7042,802B11EC0,4.47,US Dollar,4.47,US Dollar,Reinvestment,0
2022/09/01 08:18,220,80FD531D0,1198,80FDBC770,4847.64,Shekel,4847.64,Shekel,Credit Card,0
2022/09/01 13:29,22,80063C350,22,80063C350,5333.63,Euro,5333.63,Euro,Reinvestment,0
2022/09/09 13:37,240243,80EE263E0,241021,80F0F4430,3.12,Swiss Franc,3.12,Swiss Franc,Cheque,0
2022/09/08 12:16,27288,8038F5B90,12797,8077C2590,1612.6,Euro,1612.6,Euro,Cheque,0
2022/09/02 08:39,348498,811B8D840,222,811B84010,1719.61,Saudi Riyal,1719.61,Saudi Riyal,Credit Card,0
2022/09/01 18:56,1665,800D57C80,29814,80BB69170,80.55,Euro,80.55,Euro,Credit Card,0
2022/09/05 21:50,28,80008F0E0,10,8060AFE50,10676.93,Ruble,10676.93,Ruble,Cheque,0
2022/09/12 18:18,21611,8051B3BF0,2915,800745F10,1288.87,Euro,1288.87,Euro,ACH,1
2022/09/07 09:52,20,80B4F12D0,223030,812C4C320,723.27,Euro,723.27,Euro,Cheque,0
2022/09/02 11:38,316639,806590D20,7,80658C4F0,19099.03,Ruble,19099.03,Ruble,Credit Card,0
2022/09/05 18:56,70,100428A51,154887,8147DB2F1,0.03224,Bitcoin,0.03224,Bitcoin,Bitcoin,0
2022/09/07 10:16,22091,808CC9530,220504,80900FD40,96.34,UK Pound,96.34,UK Pound,Cheque,0
2022/09/01 00:23,212,807EF9280,212,807EF9280,5.08,UK Pound,5.08,UK Pound,Reinvestment,0
2022/09/09 10:00,70,100428660,2385,80255E030,251.18,US Dollar,251.18,US Dollar,Credit Card,0
2022/09/10 10:53,12797,80B90C410,121415,8136B0C20,3369.26,Euro,3369.26,Euro,Cheque,0
2022/09/09 06:40,70,100428660,132306,80FE40D80,4650.02,US Dollar,4650.02,US Dollar,Cheque,0
2022/09/03 13:50,1,80028C950,5394,803A95020,2645.48,US Dollar,2645.48,US Dollar,Credit Card,0
2022/09/02 10:44,20,8002A90D0,5464,807B2E820,366.53,Euro,366.53,Euro,Cheque,0
2022/09/04 18:33,254242,813C5DB11,55424,8147DE6E1,684.181185,Bitcoin,684.181185,Bitcoin,Bitcoin,0
2022/09/06 20:46,24132,8051D94A0,1411,80683B120,2818.64,US Dollar,2818.64,US Dollar,Cheque,0
2022/09/09 22:30,70,100428810,121580,808E179C0,64.26,UK Pound,64.26,UK Pound,Credit Card,0
2022/09/05 17:26,123390,809F84A30,9371,8123E1070,3662.85,US Dollar,3662.85,US Dollar,ACH,0
2022/09/08 15:41,2845,801127EB0,1853,801CFB910,67.64,US Dollar,67.64,US Dollar,Cheque,0
2022/09/06 02:38,70,100428978,139828,80F5C42F0,315750.79,Swiss Franc,315750.79,Swiss Franc,Cheque,0
2022/09/05 00:27,117733,8098853A0,2467,802DDBDC0,77.46,Euro,77.46,Euro,Credit Card,0
2022/09/01 12:54,19,80919A720,214,809823290,1279.19,Canadian Dollar,1279.19,Canadian Dollar,Cash,0
2022/09/05 02:30,1299,800B597E0,12004,801EDDAB0,519.24,Euro,519.24,Euro,Cash,0
2022/09/06 21:10,9587,8039AB350,4,8098884A0,80.2,Yuan,80.2,Yuan,ACH,0
2022/09/09 07:16,5140,8060567B0,27444,808D32940,2495.49,US Dollar,2495.49,US Dollar,Cheque,0
2022/09/06 04:50,11,800180EA0,16418,803365D30,21301.68,Euro,21301.68,Euro,Cheque,0
2022/09/02 10:43,31820,80BBBF1C0,31820,80BBBF1C0,8045.42,US Dollar,6865.96,Euro,ACH,0
2022/09/01 21:29,133471,80CB4D7C0,133471,80CB4D7C0,261444.76,Mexican Peso,261444.76,Mexican Peso,Reinvestment,0
2022/09/01 13:01,232335,814402C20,232335,814402C20,28482.25,Euro,28482.25,Euro,Reinvestment,0
2022/09/07 00:08,2467,802043F90,15055,8028C4B90,981.62,Euro,981.62,Euro,Cheque,0
2022/09/01 08:46,1420,8019BEF80,28255,8052EA220,29845.5,US Dollar,29845.5,US Dollar,Cash,0
2022/09/08 16:53,220,8013C9000,2991,8046498E0,363.11,US Dollar,363.11,US Dollar,Cheque,0
2022/09/04 05:16,16163,802AE6FD0,12893,805F9E120,2902685.19,US Dollar,2902685.19,US Dollar,ACH,0
2022/09/01 01:20,21813,80E0140D0,21813,80E0140D0,14.9,US Dollar,14.9,US Dollar,Reinvestment,0
2022/09/07 16:46,238845,80ED935A0,39668,80F4F4630,15785.85,Swiss Franc,15785.85,Swiss Franc,ACH,0
2022/09/04 21:10,125305,809CB97E0,24779,809DBBF70,1159.93,Canadian Dollar,1159.93,Canadian Dollar,Cheque,0
2022/09/02 08:51,228009,80A270D40,6,80A2A0EA0,12338.73,Australian Dollar,12338.73,Australian Dollar,Credit Card,0
2022/09/03 20:47,14,8007BE9E0,5627,8036BB260,1689.34,Yuan,1689.34,Yuan,Cheque,0
2022/09/02 00:09,1299,800D86060,1502,8023A9180,332.17,Euro,332.17,Euro,Cheque,0
2022/09/08 13:40,10,80D898360,235580,80D90E6E0,3858.4,Brazil Real,3858.4,Brazil Real,Credit Card,0
2022/09/05 11:36,24922,8092876E0,24922,8092E61D0,30.97,Canadian Dollar,30.97,Canadian Dollar,Cheque,0
2022/09/03 04:07,5836,80D801B30,35670,8143C49D0,687.74,US Dollar,687.74,US Dollar,Cash,0
2022/09/09 11:17,21575,804E45530,4503,805989730,619.4,US Dollar,619.4,US Dollar,Cheque,0
2022/09/04 04:00,6156,8034DBB10,136301,8126C1160,148.23,US Dollar,148.23,US Dollar,Cheque,0
2022/09/07 07:56,220,813DDCAB1,254958,813F9B071,0.117655,Bitcoin,0.117655,Bitcoin,Bitcoin,0
2022/09/01 14:14,25337,80BC26A30,25337,80BC26A30,35343.82,Euro,35343.82,Euro,Reinvestment,0
2022/09/01 10:20,119,811A502E0,121,811BABF60,352.62,Saudi Riyal,352.62,Saudi Riyal,Cheque,0
2022/09/01 05:15,228054,80AAB7350,28779,80AFBA430,30397.97,Australian Dollar,30397.97,Australian Dollar,Credit Card,0
2022/09/07 20:35,1501,807999BF0,12561,80D3BEAF0,926.66,Euro,926.66,Euro,Cheque,0
2022/09/05 22:19,9679,803B65E10,21,803E67DF0,18613.33,Yen,18613.33,Yen,Cheque,0
2022/09/05 10:00,116904,8063CBCE0,10,806493F40,55608.59,Ruble,55608.59,Ruble,ACH,0
2022/09/09 16:20,1047,800A817B0,24132,801ABA4B0,3630.91,US Dollar,3630.91,US Dollar,Credit Card,0
2022/09/01 11:35,15768,808F2FA50,15768,808F2FA50,2801.92,US Dollar,2801.92,US Dollar,Reinvestment,0
2022/09/01 00:21,18196,80467CD40,18196,80467CD40,16226138.99,Yuan,16226138.99,Yuan,Reinvestment,0
2022/09/01 01:06,70,1004286F0,20822,80E6D3390,6077803.3,Yuan,6077803.3,Yuan,Cheque,0
2022/09/02 06:37,313423,804E48900,24144,804E46E00,72.89,Euro,72.89,Euro,Credit Card,0
2022/09/01 09:03,2467,801D3D410,2467,801D3D410,240563.65,Euro,240563.65,Euro,Reinvestment,0
2022/09/07 23:59,4259,801A0F6A0,1490,80BD031E0,587.06,Euro,587.06,Euro,Cheque,0
2022/09/03 22:39,1674,80057BB70,1047,800B0B800,418.25,US Dollar,418.25,US Dollar,Cash,0
2022/09/06 22:04,9328,8036C7F30,19593,807E16070,327464.09,Yuan,327464.09,Yuan,ACH,0
2022/09/02 19:14,11642,80805E2F0,3420,810D87810,173.89,US Dollar,173.89,US Dollar,Cash,0
2022/09/01 15:30,9,8060A5180,217824,8070794D0,20538.29,Ruble,20538.29,Ruble,Credit Card,0
2022/09/09 00:48,220504,807C78D10,5,808161380,226.31,UK Pound,226.31,UK Pound,Cheque,0
2022/09/08 18:13,153706,813FAA251,254958,81461F881,0.007514,Bitcoin,0.007514,Bitcoin,Bitcoin,0
2022/09/02 10:12,1669,8012598A0,138349,814081D60,162.89,Euro,162.89,Euro,Credit Card,0
2022/09/06 00:18,122055,8093133D0,24941,80953C740,188.23,Canadian Dollar,188.23,Canadian Dollar,Wire,0
2022/09/08 16:28,218267,8078F7AE0,20861,80AE0A0A0,3105.69,Euro,3105.69,Euro,Cheque,0
2022/09/01 00:29,14233,80B463460,151338,813078190,20802.0,Euro,20802.0,Euro,Cash,0
2022/09/05 21:52,11471,800B05AB0,23885,801785F20,357.62,US Dollar,357.62,US Dollar,Cheque,0
2022/09/09 21:42,2467,801B29DB0,27535,80BE05C00,5250.98,Euro,5250.98,Euro,Wire,0
2022/09/02 07:11,1,80F0866C0,908,812F8B6C0,542.86,US Dollar,542.86,US Dollar,Cash,0
2022/09/02 08:07,13184,805606010,112497,8057A5400,45263.86,Rupee,45263.86,Rupee,Credit Card,0
2022/09/09 06:22,1490,80029E4F0,12,8002F56E0,38.02,Euro,38.02,Euro,Cheque,0
2022/09/01 23:25,7,806542130,7,806542130,618.72,Ruble,618.72,Ruble,Reinvestment,0
2022/09/01 05:02,1292,8002B21D0,1292,8003CF1B0,207.36,US Dollar,207.36,US Dollar,Credit Card,0
2022/09/08 17:58,212032,80460A3F0,12019,8084D5B40,39902.98,Yen,39902.98,Yen,Cheque,0
2022/09/05 16:50,116,80EA84720,141561,80F5CB9D0,5451.94,Swiss Franc,5451.94,Swiss Franc,Cheque,0
2022/09/07 02:11,116845,80CF02E80,228634,81147BF00,2708.77,US Dollar,2708.77,US Dollar,Cheque,0
2022/09/06 02:06,70,1004286A8,251027,813B9AE30,1837.27,Euro,1837.27,Euro,Cash,0
2022/09/08 11:28,70,1004286A8,113060,80B77E250,233.85,Euro,233.85,Euro,Cheque,0
2022/09/01 03:29,18015,8092513D0,18015,8092513D0,715065.03,Rupee,9736.19,US Dollar,ACH,0
2022/09/02 17:25,21258,8015F8FF0,21575,801855690,17373.32,US Dollar,17373.32,US Dollar,Cheque,0
2022/09/07 23:05,70,1004287C8,16678,806225990,7324.13,Ruble,7324.13,Ruble,Cash,0
2022/09/01 11:45,35667,8068B0150,16388,8068AFF80,598.31,Euro,598.31,Euro,ACH,0
2022/09/08 15:49,212789,804F4F100,7,805917080,47247.78,Rupee,47247.78,Rupee,Cheque,0
2022/09/02 19:30,325449,80941D7A0,12561,80940F3A0,174.68,Euro,174.68,Euro,ACH,0
2022/09/08 18:15,126,8135EE371,152416,813B29AB1,0.470589,Bitcoin,0.470589,Bitcoin,Bitcoin,0
2022/09/01 22:36,219656,807390900,219656,807390900,1280.1,Ruble,1280.1,Ruble,Reinvestment,0
2022/09/05 01:32,21611,8016B6E60,7042,802D2A520,4349.7,US Dollar,4349.7,US Dollar,Cheque,0
2022/09/05 22:10,70,1004286A8,20727,80A766A00,76.55,Euro,76.55,Euro,Cheque,0
2022/09/01 06:37,145200,812CCF270,145200,812CCF270,7152.56,US Dollar,7152.56,US Dollar,Reinvestment,0
2022/09/09 07:17,211,8076CF550,211,8085F0680,35.65,UK Pound,35.65,UK Pound,Cash,0
2022/09/01 00:27,1411,8073C2A90,15447,80A62DBD0,5988.76,US Dollar,5988.76,US Dollar,Cheque,0
2022/09/10 10:03,5,807678360,5,8076C87E0,400146.02,UK Pound,400146.02,UK Pound,Cash,0
2022/09/06 07:24,70,1004286A8,13265,8102C9E30,7971.63,Euro,7971.63,Euro,Cheque,0
2022/09/05 19:10,136262,80DCB30E0,233252,812E15720,13.56,US Dollar,13.56,US Dollar,Cheque,0
2022/09/02 01:12,115363,809FBEAA0,219184,80A5A8550,14311761.76,US Dollar,14311761.76,US Dollar,Cash,0
2022/09/08 10:36,16354,802782720,20,80698B180,1735.32,Euro,1735.32,Euro,Cheque,0
2022/09/08 10:17,110603,806A85730,238038,81038DA10,2293.12,US Dollar,2293.12,US Dollar,Credit Card,0
2022/09/07 18:37,21550,8010B9DE0,16163,80A5AC9A0,1989.41,US Dollar,1989.41,US Dollar,Wire,0
2022/09/01 22:43,15,8039DDD40,10605,80460BE20,268392.15,Yen,268392.15,Yen,Cheque,0
2022/09/01 00:00,132958,80D44F260,132958,80D44F260,11.69,Euro,11.69,Euro,Reinvestment,0
2022/09/02 08:20,27,80C6759D0,1132,80C87C3C0,42769.41,Mexican Peso,42769.41,Mexican Peso,Cheque,0
2022/09/09 00:17,28693,8033AD070,251202,813381BC0,149.47,US Dollar,149.47,US Dollar,Credit Card,0
2022/09/07 23:51,4866,8024AF630,11296,8029FD6D0,539.88,US Dollar,539.88,US Dollar,Cash,0
2022/09/05 05:57,70,100428660,13037,807C80D50,226.04,US Dollar,226.04,US Dollar,Cash,0
2022/09/05 12:00,6010,802894AA0,219860,809C35610,167.63,US Dollar,167.63,US Dollar,ACH,0
2022/09/01 13:00,22155,808763B70,22155,808763B70,72933.87,UK Pound,72933.87,UK Pound,Reinvestment,0
2022/09/07 10:38,70,1004286A8,2591,8016D5F80,949.92,Euro,949.92,Euro,Credit Card,0
2022/09/07 18:06,111491,80E54B190,121453,811A06970,744.46,US Dollar,744.46,US Dollar,Cash,0
2022/09/02 12:06,1688,8005FE4E0,12381,8013C5250,957.87,US Dollar,957.87,US Dollar,Cheque,0
2022/09/09 16:52,70,1004286A8,16847,80756FF60,313.12,Euro,313.12,Euro,Credit Card,0
2022/09/02 04:14,32405,80DEC0700,132958,8128AD1A0,8301.1,Euro,8301.1,Euro,Cash,0
2022/09/03 18:41,19,809267090,25847,8097F2C10,287.63,Canadian Dollar,287.63,Canadian Dollar,Cheque,0
2022/09/02 18:43,220541,80773B2B0,20486,808C12DF0,106.72,UK Pound,106.72,UK Pound,Cash,0
2022/09/01 10:40,31938,8113E1930,23402,8113E1340,0.01,US Dollar,0.01,US Dollar,Cheque,0
2022/09/09 22:56,70,1004286A8,117733,8130AA990,293.67,Euro,293.67,Euro,Cheque,0
2022/09/03 05:13,16354,805301770,117999,80B910B60,3201.46,Euro,3201.46,Euro,Cash,0
2022/09/07 04:21,513,800597410,11974,801536950,622.34,US Dollar,622.34,US Dollar,Cheque,0
2022/09/08 04:16,228101,80A2A2690,19,80A3564A0,75116.43,Australian Dollar,75116.43,Australian Dollar,ACH,0
2022/09/07 03:36,24779,809645040,125633,8097E2980,2517.25,Canadian Dollar,2517.25,Canadian Dollar,Cheque,0
2022/09/07 18:48,13345,8019A1A00,410,801CA4230,1960.6,Euro,1960.6,Euro,Credit Card,0
2022/09/07 12:00,16388,802C04A50,12,80BA21B90,22500.44,Euro,22500.44,Euro,Credit Card,0
2022/09/02 15:16,22,800503A70,12,80095E760,25161.46,Euro,25161.46,Euro,Cash,0
2022/09/09 22:36,70,100428660,11904,81233C160,17550.68,US Dollar,17550.68,US Dollar,Cash,0
2022/09/04 12:28,112064,804C1D590,112637,805CB0950,8250.15,Rupee,8250.15,Rupee,Credit Card,0
2022/09/02 01:34,3123,8026176E0,1665,80BAC0F40,315.6,Euro,315.6,Euro,Cheque,0
2022/09/04 09:55,26818,80490D9E0,12513,806AC6830,22.43,Euro,22.43,Euro,ACH,0
2022/09/06 20:16,228009,80A6CE330,6,80AC8C840,3050.82,Australian Dollar,3050.82,Australian Dollar,Credit Card,0
