,Timestamp_x,From Bank,Account_x,To Bank,Account.1_x,Amount Received_x,Receiving Currency_x,Amount Paid_x,Payment Currency_x,Payment Format_x,Is Laundering_x,EdgeID,from_id,to_id,Timestamp_y,Amount Sent,Sent Currency,Amount Received_y,Received Currency,Payment Format_y,Is Laundering_y,Edge_ID,Prediction,True_Label,Time_stamp,Timestamp_new,predicted_label,Timestamp,Account_y,Account.1_y,Amount Received,Receiving Currency_y,Amount Paid_y,Payment Currency_y,Payment Format,Is Laundering,Laundering Type
45,2022/10/29 19:59,0,8003F11D0,3,800163580,115.49,Euro,115.49,Euro,ACH,0,558592,21701,22216,7761550,115.49,1,115.49,1,3,0,558592.0,-0.033773314,0,,,0.4915574739726907,2022/10/29 19:59,8003F11D0,800163580,348.05,Euro,348.05,Euro,ACH,1.0,GATHER-SCATTER
53,2022/10/22 06:07,0,80042A970,1,800269E10,231.78,Euro,231.78,Euro,ACH,0,600455,2978,22697,7106830,231.78,1,231.78,1,3,0,600455.0,0.0128750615,0,,,0.5032187209119244,2022/10/22 06:07,80042A970,800269E10,6573.1,Euro,6573.1,Euro,ACH,1.0,SCATTER-GATHER
57,2022/10/20 19:49,0,801A0E740,29463,80AD604F0,1658.71,US Dollar,1658.71,US Dollar,ACH,0,602137,901,22708,6983350,1658.71,0,1658.71,0,3,0,602137.0,-0.036738746,0,,,0.4908163464353343,2022/10/20 19:49,801A0E740,80AD604F0,18742.55,US Dollar,18742.55,US Dollar,ACH,1.0,CYCLE
59,2022/10/20 16:50,0,800E6EEF0,4687,80369FC70,1626.64,US Dollar,1626.64,US Dollar,ACH,0,603609,934,22790,6972610,1626.64,0,1626.64,0,3,0,603609.0,0.0064897686,0,,,0.5016224364556446,2022/10/20 16:50,800E6EEF0,80369FC70,15631.26,US Dollar,15631.26,US Dollar,ACH,1.0,GATHER-SCATTER
64,2022/10/22 09:09,0,801365DC0,4214,802E12B70,392.35,US Dollar,392.35,US Dollar,ACH,0,607113,730,22821,7117750,392.35,0,392.35,0,3,0,607113.0,0.01771298,0,,,0.504428129223602,2022/10/22 09:09,801365DC0,802E12B70,9517.88,US Dollar,9517.88,US Dollar,ACH,1.0,CYCLE
99,2022/10/19 19:21,213434,80A2E3740,0,803353160,648.83,US Dollar,648.83,US Dollar,ACH,0,655043,23562,2922,6895270,648.83,0,648.83,0,3,0,655043.0,0.24420753,0,,,0.5607502669173643,2022/10/19 19:21,80A2E3740,803353160,5048.49,US Dollar,5048.49,US Dollar,ACH,1.0,SCATTER-GATHER
101,2022/10/20 05:43,1208,800B41F10,0,803353160,1096.82,US Dollar,1096.82,US Dollar,ACH,0,655045,15754,2922,6932590,1096.82,0,1096.82,0,3,0,655045.0,0.24360296,0,,,0.5606013501754946,2022/10/20 05:43,800B41F10,803353160,11207.48,US Dollar,11207.48,US Dollar,ACH,1.0,SCATTER-GATHER
134,2022/10/25 18:25,3,800400920,0,8005343C0,10382.2,US Dollar,10382.2,US Dollar,ACH,0,665519,23709,6577,7410310,10382.2,0,10382.2,0,3,0,665519.0,0.36810538,0,,,0.5910010922398963,2022/10/25 18:25,800400920,8005343C0,4602.38,US Dollar,4602.38,US Dollar,ACH,1.0,SCATTER-GATHER
137,2022/10/27 17:28,1213,800D94C70,0,8005343C0,953.43,US Dollar,953.43,US Dollar,ACH,0,665522,23711,6577,7579690,953.43,0,953.43,0,3,0,665522.0,0.40629792,0,,,0.6001998581980608,2022/10/27 17:28,800D94C70,8005343C0,8902.02,US Dollar,8902.02,US Dollar,ACH,1.0,SCATTER-GATHER
142,2022/10/21 04:12,127838,80CE3EAA0,0,8001DA2F0,14648.59,US Dollar,14648.59,US Dollar,ACH,0,677728,23791,4809,7013530,14648.59,0,14648.59,0,3,0,677728.0,0.34730002,0,,,0.5859626880420243,2022/10/21 04:12,80CE3EAA0,8001DA2F0,3427.51,US Dollar,3427.51,US Dollar,ACH,1.0,GATHER-SCATTER
175,2022/10/20 14:58,0,8004E0D80,214,800A6F200,3743.01,US Dollar,3743.01,US Dollar,ACH,0,703495,318,24222,6965890,3743.01,0,3743.01,0,3,0,703495.0,-0.0037694648,0,,,0.4990576349158279,2022/10/20 14:58,8004E0D80,800A6F200,3232.0,US Dollar,3232.0,US Dollar,ACH,1.0,GATHER-SCATTER
180,2022/10/26 14:37,0,800498160,13179,802B7ADB0,51017.83,Euro,51017.83,Euro,ACH,0,712459,294,24330,7483030,51017.83,1,51017.83,1,3,0,712459.0,-0.005065337,0,,,0.4987336684575886,2022/10/26 14:37,800498160,802B7ADB0,20702.97,Euro,20702.97,Euro,ACH,1.0,STACK
188,2022/10/31 23:04,0,800F48D30,37910,824EC9EF0,33.5,US Dollar,33.5,US Dollar,ACH,0,723058,2216,24475,7949050,33.5,0,33.5,0,3,0,723058.0,-0.069743395,0,,,0.482571215349719,2022/10/31 23:04,800F48D30,824EC9EF0,17127.98,US Dollar,17127.98,US Dollar,ACH,1.0,STACK
191,2022/10/29 11:52,0,8056E4670,38787,810B5F940,2681.66,Euro,2681.66,Euro,ACH,0,728177,3829,24498,7732330,2681.66,1,2681.66,1,3,0,728177.0,0.011045281,0,,,0.5027612921773267,2022/10/29 11:52,8056E4670,810B5F940,1910.06,Euro,1910.06,Euro,ACH,1.0,GATHER-SCATTER
214,2022/11/05 14:47,155327,81B7E3920,0,8003F4880,218.26,US Dollar,218.26,US Dollar,ACH,0,780234,25010,218,8351230,218.26,0,218.26,0,3,0,780234.0,0.17139402,0,,,0.5427439193997743,2022/11/05 14:47,81B7E3920,8003F4880,2500.56,US Dollar,2500.56,US Dollar,ACH,1.0,CYCLE
227,2022/11/05 12:47,0,8002FFE40,1538,80040B780,989.68,Euro,989.68,Euro,ACH,0,789999,121,25217,8344030,989.68,1,989.68,1,3,0,789999.0,-0.026472282,0,,,0.4933823159581502,2022/11/05 12:47,8002FFE40,80040B780,11143.78,Euro,11143.78,Euro,ACH,1.0,CYCLE
231,2022/10/24 12:36,0,80150C3F0,1216,801B4F730,1490.07,Euro,1490.07,Euro,ACH,0,790255,779,25220,7302970,1490.07,1,1490.07,1,3,0,790255.0,-0.027267072,0,,,0.4931836543203307,2022/10/24 12:36,80150C3F0,801B4F730,15349.23,Euro,15349.23,Euro,ACH,1.0,RANDOM
239,2022/10/30 06:59,0,80E6A3770,16908,804A0D600,1280.47,Euro,1280.47,Euro,ACH,0,796791,1839,25262,7804750,1280.47,1,1280.47,1,3,0,796791.0,-0.028127175,0,,,0.4929686698065811,2022/10/30 06:59,80E6A3770,804A0D600,5425.76,Euro,5425.76,Euro,ACH,1.0,SCATTER-GATHER
277,2022/10/19 11:01,0,8031486C0,1538,801FDB250,119.81,Euro,119.81,Euro,ACH,0,829610,4685,25584,6865270,119.81,1,119.81,1,3,0,829610.0,-0.045691147,0,,,0.4885792000963679,2022/10/19 11:01,8031486C0,801FDB250,2768.44,Euro,2768.44,Euro,ACH,1.0,CYCLE
282,2022/10/23 18:30,544,8003DB850,0,8001C9630,2751.4,US Dollar,2751.4,US Dollar,ACH,0,836219,25616,80,7237810,2751.4,0,2751.4,0,3,0,836219.0,0.13603815,0,,,0.5339571849363948,2022/10/23 18:30,8003DB850,8001C9630,10146.93,US Dollar,10146.93,US Dollar,ACH,1.0,CYCLE
308,2022/10/29 01:20,1922,8012D8B60,0,8003C3AB0,3220.92,US Dollar,3220.92,US Dollar,ACH,0,853661,23452,4636,7694410,3220.92,0,3220.92,0,3,0,853661.0,0.24113494,0,,,0.5599933184054482,2022/10/29 01:20,8012D8B60,8003C3AB0,12135.53,US Dollar,12135.53,US Dollar,ACH,1.0,SCATTER-GATHER
310,2022/10/30 14:27,1601,800B88610,0,8003C3AB0,1676.7,US Dollar,1676.7,US Dollar,ACH,0,853663,25720,4636,7831630,1676.7,0,1676.7,0,3,0,853663.0,0.20335035,0,,,0.5506631252539875,2022/10/30 14:27,800B88610,8003C3AB0,12433.81,US Dollar,12433.81,US Dollar,ACH,1.0,SCATTER-GATHER
314,2022/11/03 07:49,0,8006C8FD0,0,8003C3AB0,129.98,US Dollar,129.98,US Dollar,ACH,0,853668,443,4636,8153350,129.98,0,129.98,0,3,0,853668.0,0.26657817,0,,,0.5662526586048015,2022/11/03 07:49,8006C8FD0,8003C3AB0,707.49,US Dollar,707.49,US Dollar,ACH,1.0,SCATTER-GATHER
320,2022/11/11 17:39,1137,8008C4A20,0,8003C3AB0,852.49,US Dollar,852.49,US Dollar,ACH,0,853674,25727,4636,8879950,852.49,0,852.49,0,3,0,853674.0,0.36924008,0,,,0.5912753422154432,2022/11/11 17:39,8008C4A20,8003C3AB0,8318.94,US Dollar,8318.94,US Dollar,ACH,1.0,SCATTER-GATHER
334,2022/11/11 19:24,0,800F63820,19876,804745E80,1643.86,Euro,1643.86,Euro,ACH,0,858126,672,25807,8886250,1643.86,1,1643.86,1,3,0,858126.0,-0.0037553683,0,,,0.4990611590283562,2022/11/11 19:24,800F63820,804745E80,16762.69,Euro,16762.69,Euro,ACH,1.0,SCATTER-GATHER
340,2022/11/17 19:40,122489,80C1C5970,0,806131D90,618.17,US Dollar,618.17,US Dollar,ACH,0,860042,25842,3832,9405610,618.17,0,618.17,0,3,0,860042.0,0.10306159,0,,,0.5257426156895528,2022/11/17 19:40,80C1C5970,806131D90,18501.14,US Dollar,18501.14,US Dollar,ACH,1.0,STACK
346,2022/10/27 19:20,0,802969720,25444,802312170,1521.16,US Dollar,1521.16,US Dollar,ACH,0,862393,9607,25916,7586410,1521.16,0,1521.16,0,3,0,862393.0,0.015092514,0,,,0.5037730568801128,2022/10/27 19:20,802969720,802312170,20777.1,US Dollar,20777.1,US Dollar,ACH,1.0,CYCLE
365,2022/11/06 16:58,134888,813621540,0,8176E3610,705.5,US Dollar,705.5,US Dollar,ACH,0,864713,25955,2038,8445490,705.5,0,705.5,0,3,0,864713.0,0.13987544,0,,,0.5349119571123122,2022/11/06 16:58,813621540,8176E3610,13475.22,US Dollar,13475.22,US Dollar,ACH,1.0,CYCLE
377,2022/10/20 09:51,0,80017B220,2776,8005AEAA0,377.38,US Dollar,377.38,US Dollar,ACH,0,872228,70,26134,6947470,377.38,0,377.38,0,3,0,872228.0,-0.0012924112,0,,,0.4996768972449739,2022/10/20 09:51,80017B220,8005AEAA0,5486.14,US Dollar,5486.14,US Dollar,ACH,1.0,STACK
383,2022/10/25 19:58,0,80FCA1240,23435,82DC3EDF0,630.6,US Dollar,630.6,US Dollar,ACH,0,876457,1875,26151,7415890,630.6,0,630.6,0,3,0,876457.0,0.014496412,0,,,0.5036240395354498,2022/10/25 19:58,80FCA1240,82DC3EDF0,15480.85,US Dollar,15480.85,US Dollar,ACH,1.0,RANDOM
392,2022/11/01 08:58,0,8002448A0,6697,811BFDC40,4412.38,US Dollar,4412.38,US Dollar,ACH,0,882408,5031,26225,7984690,4412.38,0,4412.38,0,3,0,882408.0,-0.032068167,0,,,0.4919836452180092,2022/11/01 08:58,8002448A0,811BFDC40,1281.0,US Dollar,1281.0,US Dollar,ACH,1.0,GATHER-SCATTER
422,2022/10/24 09:08,0,80032C280,544,807064AF0,923.69,US Dollar,923.69,US Dollar,ACH,0,899181,4968,26357,7290490,923.69,0,923.69,0,3,0,899181.0,-0.00082885474,0,,,0.4997927863268629,2022/10/24 09:08,80032C280,807064AF0,19332.0,US Dollar,19332.0,US Dollar,ACH,1.0,STACK
442,2022/11/17 11:48,20,800362D90,0,8003BA710,918.38,US Dollar,918.38,US Dollar,ACH,0,905426,26394,4957,9377290,918.38,0,918.38,0,3,0,905426.0,0.21855432,0,,,0.5544221250340712,2022/11/17 11:48,800362D90,8003BA710,14019.31,US Dollar,14019.31,US Dollar,ACH,1.0,STACK
457,2022/11/02 05:02,230636,820533EC0,0,8079B9FA0,255.28,US Dollar,255.28,US Dollar,ACH,0,914084,26562,1586,8056930,255.28,0,255.28,0,3,0,914084.0,0.32049358,0,,,0.579444536665138,2022/11/02 05:02,820533EC0,8079B9FA0,2324.91,US Dollar,2324.91,US Dollar,ACH,1.0,CYCLE
459,2022/11/06 08:50,0,8079B9FA0,42418,818736640,150.31,US Dollar,150.31,US Dollar,ACH,0,914086,1586,26563,8416210,150.31,0,150.31,0,3,0,914086.0,0.020064142,0,,,0.505015867231409,2022/11/06 08:50,8079B9FA0,818736640,2324.91,US Dollar,2324.91,US Dollar,ACH,1.0,CYCLE
462,2022/11/07 02:20,11796,8016A93F0,0,8003ED6B0,206.5,US Dollar,206.5,US Dollar,ACH,0,915429,13997,215,8479210,206.5,0,206.5,0,3,0,915429.0,0.10978769,0,,,0.5274193867723399,2022/11/07 02:20,8016A93F0,8003ED6B0,8842.54,US Dollar,8842.54,US Dollar,ACH,1.0,RANDOM
465,2022/11/09 10:42,0,8003ED6B0,357,800D0C740,357.84,Euro,357.84,Euro,ACH,0,915432,215,26572,8682130,357.84,1,357.84,1,3,0,915432.0,0.013971802,0,,,0.5034928936791727,2022/11/09 10:42,8003ED6B0,800D0C740,7546.22,Euro,7546.22,Euro,ACH,1.0,RANDOM
478,2022/11/17 08:50,138195,811B64AF0,0,800484A50,1607.15,US Dollar,1607.15,US Dollar,ACH,0,933265,26683,2792,9366610,1607.15,0,1607.15,0,3,0,933265.0,0.11565806,0,,,0.5288823261157135,2022/11/17 08:50,811B64AF0,800484A50,21421.9,US Dollar,21421.9,US Dollar,ACH,1.0,RANDOM
481,2022/11/02 07:28,0,800484A50,14902,810D61500,13214.39,Yuan,13214.39,Yuan,ACH,0,933268,2792,26684,8065690,13214.39,3,13214.39,3,3,0,933268.0,-0.024989933,0,,,0.4937528418574466,2022/11/02 07:28,800484A50,810D61500,143475.29,Yuan,143475.29,Yuan,ACH,1.0,RANDOM
500,2022/11/25 00:21,0,80022A6C0,1,8002A8CA0,1439566.38,Euro,1439566.38,Euro,ACH,0,943868,4829,26795,10027270,1439566.38,1,1439566.38,1,3,0,943868.0,-0.007320557,0,,,0.4981698689231377,2022/11/25 00:21,80022A6C0,8002A8CA0,29605228.95,Euro,29605228.95,Euro,ACH,1.0,STACK
535,2022/12/03 14:24,0,804E7FC30,23024,8038B2C30,2793.18,Euro,2793.18,Euro,ACH,0,951640,5661,26934,10769050,2793.18,1,2793.18,1,3,0,951640.0,0.010804381,0,,,0.5027010689743563,2022/12/03 14:24,804E7FC30,8038B2C30,6352.33,Euro,6352.33,Euro,ACH,1.0,GATHER-SCATTER
7631,2022/10/24 11:15,13600,801B454C0,0,800359A10,15411.41,US Dollar,15411.41,US Dollar,ACH,0,992536,24487,175,7298110,15411.41,0,15411.41,0,3,0,992536.0,0.4452782,0,,,0.6095159989829325,2022/10/24 11:15,801B454C0,800359A10,1960.71,US Dollar,1960.71,US Dollar,ACH,1.0,BIPARTITE
8631,2022/10/27 11:44,0,8001E9280,1347,800698F50,7878.51,Euro,7878.51,Euro,ACH,0,995820,90,27492,7559050,7878.51,1,7878.51,1,3,0,995820.0,-0.02516291,0,,,0.4937096044050482,2022/10/27 11:44,8001E9280,800698F50,1032.05,Euro,1032.05,Euro,ACH,1.0,BIPARTITE
12852,2022/10/21 02:16,0,8409D5210,57107,842D13660,137913.98,US Dollar,137913.98,US Dollar,Cash,0,1010361,2590,6169,7006570,137913.98,0,137913.98,0,4,0,1010361.0,0.038353514,0,,,0.5095872033038357,2022/10/21 02:16,800ED43D0,824BF4150,8124.99,US Dollar,8124.99,US Dollar,ACH,1.0,FAN-IN
12867,2022/11/07 06:56,0,80044E400,16000,80C71EA40,6.85,Euro,6.85,Euro,ACH,0,1010391,7010,27604,8495770,6.85,1,6.85,1,3,0,1010391.0,-0.0045743547,0,,,0.4988564133191019,2022/11/07 06:56,80044E400,80C71EA40,5196.84,Euro,5196.84,Euro,ACH,1.0,STACK
13725,2022/10/21 05:36,0,80049E3F0,11,8001FDEE0,29012526.73,Euro,29012526.73,Euro,ACH,0,1012708,4806,27607,7018570,29012526.73,1,29012526.73,1,3,0,1012708.0,-0.005092893,0,,,0.4987267795020181,2022/10/21 05:36,80049E3F0,8001FDEE0,6118.24,Euro,6118.24,Euro,ACH,1.0,RANDOM
13727,2022/11/16 16:52,3,800111650,0,800659C90,4040005.83,US Dollar,4040005.83,US Dollar,ACH,0,1012710,27608,422,9309130,4040005.83,0,4040005.83,0,3,0,1012710.0,0.4366219,0,,,0.6074538034246287,2022/11/16 16:52,800111650,800659C90,38499129.12,US Dollar,38499129.12,US Dollar,ACH,1.0,RANDOM
15398,2022/10/25 03:43,0,800348F70,1512,800DD2720,9419.06,Euro,9419.06,Euro,ACH,0,1017064,152,27615,7357390,9419.06,1,9419.06,1,3,0,1017064.0,-0.0070255585,0,,,0.4982436175993567,2022/10/25 03:43,800348F70,800DD2720,1468.18,Euro,1468.18,Euro,ACH,1.0,STACK
15936,2022/10/21 14:10,0,800233EC0,0,8003BD6D0,1263.32,US Dollar,1263.32,US Dollar,Cash,0,1018498,102,1827,7049410,1263.32,0,1263.32,0,4,0,1018498.0,0.034905862,0,,,0.5087255795668494,2022/10/21 14:10,800212480,8003E34F0,14599.21,US Dollar,14599.21,US Dollar,ACH,1.0,STACK
15992,2022/10/21 14:08,0,801CB2900,20,80586DDE0,614.3,US Dollar,614.3,US Dollar,Cheque,0,1018656,964,5820,7049290,614.3,0,614.3,0,1,0,1018656.0,-0.002581017,0,,,0.4993547461082044,2022/10/21 14:08,800396210,8002DB080,4871.56,US Dollar,4871.56,US Dollar,ACH,1.0,FAN-IN
16313,2022/11/13 02:54,0,80011D200,952,80140E310,493.84,US Dollar,493.84,US Dollar,ACH,0,1019508,57,27622,8999650,493.84,0,493.84,0,3,0,1019508.0,-0.020487804,0,,,0.4948782281541058,2022/11/13 02:54,80011D200,80140E310,18275.09,US Dollar,18275.09,US Dollar,ACH,1.0,GATHER-SCATTER
19403,2022/11/08 06:51,0,801CF5AF0,156988,815644950,11443.35,Euro,11443.35,Euro,ACH,0,1028545,6079,27703,8581870,11443.35,1,11443.35,1,3,0,1028545.0,0.008053791,0,,,0.50201343686679,2022/11/08 06:51,801CF5AF0,815644950,2105.83,Euro,2105.83,Euro,ACH,1.0,FAN-IN
20439,2022/11/14 11:34,20,8003D18E0,0,800359A10,7691.49,US Dollar,7691.49,US Dollar,ACH,0,1032210,27811,175,9117250,7691.49,0,7691.49,0,3,0,1032210.0,0.601658,0,,,0.6460355388256245,2022/11/14 11:34,8003D18E0,800359A10,297.24,US Dollar,297.24,US Dollar,ACH,1.0,FAN-IN
20441,2022/11/18 18:59,3,80040B500,0,800359A10,14775.35,US Dollar,14775.35,US Dollar,ACH,0,1032212,27812,175,9489550,14775.35,0,14775.35,0,3,0,1032212.0,0.62394315,0,,,0.6511148244233383,2022/11/18 18:59,80040B500,800359A10,828.61,US Dollar,828.61,US Dollar,ACH,1.0,FAN-IN
22386,2022/11/05 20:00,0,800961380,2416,80308CBC0,5238.76,Euro,5238.76,Euro,ACH,0,1039730,5608,27916,8370010,5238.76,1,5238.76,1,3,0,1039730.0,0.023694962,0,,,0.5059234633579471,2022/11/05 20:00,800961380,80308CBC0,983.16,Euro,983.16,Euro,ACH,1.0,BIPARTITE
24162,2022/11/18 08:26,15572,802861C90,0,800D01840,57.93,US Dollar,57.93,US Dollar,ACH,0,1045937,27946,620,9451570,57.93,0,57.93,0,3,0,1045937.0,0.19209062,0,,,0.5478755329519194,2022/11/18 08:26,802861C90,800D01840,9958.07,US Dollar,9958.07,US Dollar,ACH,1.0,RANDOM
24164,2022/11/20 11:28,0,800D01840,4214,803A8C950,1122.91,US Dollar,1122.91,US Dollar,ACH,0,1045939,620,27947,9635290,1122.91,0,1122.91,0,3,0,1045939.0,0.06561318,0,,,0.5163974127280859,2022/11/20 11:28,800D01840,803A8C950,9958.07,US Dollar,9958.07,US Dollar,ACH,1.0,RANDOM
26876,2022/10/29 15:54,1831,8031571B0,0,800B8A830,3306.84,US Dollar,3306.84,US Dollar,ACH,0,1055425,28024,584,7746850,3306.84,0,3306.84,0,3,0,1055425.0,0.14771359,0,,,0.5368613976887951,2022/10/29 15:54,8031571B0,800B8A830,3699.91,US Dollar,3699.91,US Dollar,ACH,1.0,BIPARTITE
32375,2022/11/16 11:37,0,8029C4BB0,2544,8043D3470,120.77,Euro,120.77,Euro,ACH,0,1075643,1136,28210,9290230,120.77,1,120.77,1,3,0,1075643.0,-0.002315808,0,,,0.4994210482587416,2022/11/16 11:37,8029C4BB0,8043D3470,10151.49,Euro,10151.49,Euro,ACH,1.0,CYCLE
33442,2022/10/27 01:14,0,8029A3440,226477,80A30E9E0,829.72,Euro,829.72,Euro,ACH,0,1079186,5799,28287,7521250,829.72,1,829.72,1,3,0,1079186.0,-0.02038167,0,,,0.4949047588843377,2022/10/27 01:14,8029A3440,80A30E9E0,13345.3,Euro,13345.3,Euro,ACH,1.0,FAN-OUT
33731,2022/11/13 05:01,2609,80081F7A0,0,80048BA10,1611.11,US Dollar,1611.11,US Dollar,ACH,0,1080230,28300,280,9007270,1611.11,0,1611.11,0,3,0,1080230.0,0.18803902,0,,,0.546871726151419,2022/11/13 05:01,80081F7A0,80048BA10,11997.49,US Dollar,11997.49,US Dollar,ACH,1.0,STACK
33905,2022/10/27 04:45,11,8009B3FD0,0,8017CE9F0,242.99,US Dollar,242.99,US Dollar,Cheque,0,1080846,5788,860,7533910,242.99,0,242.99,0,1,0,1080846.0,-0.025384914,0,,,0.4936541122672639,2022/10/27 04:45,800229220,8004AF540,9871.22,US Dollar,9871.22,US Dollar,ACH,1.0,STACK
33966,2022/12/03 16:22,124809,81EF39EB0,0,80044FD40,492.56,US Dollar,492.56,US Dollar,ACH,0,1081039,28303,7162,10776130,492.56,0,492.56,0,3,0,1081039.0,0.056899246,0,,,0.5142209749777947,2022/12/03 16:22,81EF39EB0,80044FD40,14898.54,US Dollar,14898.54,US Dollar,ACH,1.0,STACK
34420,2022/11/14 13:50,0,8004D7910,1924,80056BCC0,14521.39,US Dollar,14521.39,US Dollar,ACH,0,1082651,7996,20234,9125410,14521.39,0,14521.39,0,3,0,1082651.0,0.08288753,0,,,0.5207100267758301,2022/11/14 13:50,8004D7910,80056BCC0,133.13,US Dollar,133.13,US Dollar,ACH,1.0,FAN-IN
35600,2022/10/27 15:18,11,8007F3B10,0,809A77A00,1645.06,US Dollar,1645.06,US Dollar,Cheque,0,1086918,7611,8078,7571890,1645.06,0,1645.06,0,1,0,1086918.0,-0.092868045,0,,,0.4767996605803066,2022/10/27 15:18,800214970,800359A10,13944.8,US Dollar,13944.8,US Dollar,ACH,1.0,FAN-IN
36289,2022/12/05 12:23,0,80049E3F0,255931,8197AF040,106.31,US Dollar,106.31,US Dollar,ACH,0,1089362,4806,28415,10934590,106.31,0,106.31,0,3,0,1089362.0,0.04045629,0,,,0.5101126932409306,2022/12/05 12:23,80049E3F0,8197AF040,6385.87,US Dollar,6385.87,US Dollar,ACH,1.0,STACK
45399,2022/11/23 19:32,0,8036FD8D0,29869,823A6FB30,3210.54,Yuan,3210.54,Yuan,ACH,0,1110860,6470,28609,9923530,3210.54,3,3210.54,3,3,0,1110860.0,-0.0046999976,0,,,0.4988250027629711,2022/11/23 19:32,8036FD8D0,823A6FB30,50402.29,Yuan,50402.29,Yuan,ACH,1.0,STACK
47064,2022/11/19 19:11,0,8016408A0,7141,803F092B0,26.98,US Dollar,26.98,US Dollar,ACH,0,1116766,813,28708,9576670,26.98,0,26.98,0,3,0,1116766.0,0.037255447,0,,,0.5093127846207394,2022/11/19 19:11,8016408A0,803F092B0,891.71,US Dollar,891.71,US Dollar,ACH,1.0,STACK
52324,2022/10/30 19:42,0,800B91650,0,800B91650,772807.01,US Dollar,772807.01,US Dollar,Reinvestment,0,1127687,588,588,7850530,772807.01,0,772807.01,0,0,0,1127687.0,-0.01092862,0,,,0.497267872192526,2022/10/30 19:42,800073470,800191BB0,19967.39,US Dollar,19967.39,US Dollar,ACH,1.0,BIPARTITE
55545,2022/11/21 15:27,0,8003A9070,2310,8003AA5C0,164.17,US Dollar,164.17,US Dollar,ACH,0,1137071,4958,2193,9736030,164.17,0,164.17,0,3,0,1137071.0,0.07920167,0,,,0.5197900734779373,2022/11/21 15:27,8003A9070,8003AA5C0,8140.41,US Dollar,8140.41,US Dollar,ACH,1.0,STACK
55548,2022/11/02 01:51,0,800497DA0,718,800576D20,4431.61,US Dollar,4431.61,US Dollar,ACH,0,1137074,3698,29145,8045470,4431.61,0,4431.61,0,3,0,1137074.0,-0.02382905,0,,,0.4940430193735263,2022/11/02 01:51,800497DA0,800576D20,7519.79,US Dollar,7519.79,US Dollar,ACH,1.0,STACK
55706,2022/11/06 16:53,357,8011DD020,0,8015A1E30,27348841.81,US Dollar,27348841.81,US Dollar,ACH,0,1137633,29150,800,8445190,27348841.81,0,27348841.81,0,3,0,1137633.0,0.2168929,0,,,0.5540116537545762,2022/11/06 16:53,8011DD020,8015A1E30,28825.53,US Dollar,28825.53,US Dollar,ACH,1.0,FAN-OUT
56973,2022/11/20 18:23,2776,8015670A0,0,800B31250,552.75,US Dollar,552.75,US Dollar,ACH,0,1141946,29209,575,9660190,552.75,0,552.75,0,3,0,1141946.0,0.06721504,0,,,0.516797436435044,2022/11/20 18:23,8015670A0,800B31250,11547.12,US Dollar,11547.12,US Dollar,ACH,1.0,CYCLE
58321,2022/11/27 12:15,0,80356E760,11,800271F90,526.13,Euro,526.13,Euro,ACH,0,1146347,16909,29288,10242910,526.13,1,526.13,1,3,0,1146347.0,0.029871587,0,,,0.5074673414919031,2022/11/27 12:15,80356E760,800271F90,8478.11,Euro,8478.11,Euro,ACH,1.0,STACK
60942,2022/11/13 15:50,0,80059D230,1601,8003C0940,3005.87,US Dollar,3005.87,US Dollar,ACH,0,1156149,372,29325,9046210,3005.87,0,3005.87,0,3,0,1156149.0,-0.030330058,0,,,0.4924180667173041,2022/11/13 15:50,80059D230,8003C0940,16637.43,US Dollar,16637.43,US Dollar,ACH,1.0,BIPARTITE
61002,2022/11/26 17:28,1208,80044A330,0,800493730,288.15,US Dollar,288.15,US Dollar,ACH,0,1156395,29326,3301,10175290,288.15,0,288.15,0,3,0,1156395.0,0.20776072,0,,,0.5517541518759239,2022/11/26 17:28,80044A330,800493730,6773.87,US Dollar,6773.87,US Dollar,ACH,1.0,RANDOM
62952,2022/12/02 15:57,0,80011D200,0,800118920,13220.64,US Dollar,13220.64,US Dollar,ACH,0,1163046,57,50,10688230,13220.64,0,13220.64,0,3,0,1163046.0,0.17293999,0,,,0.5431275619188348,2022/12/02 15:57,80011D200,800118920,1279.12,US Dollar,1279.12,US Dollar,ACH,1.0,GATHER-SCATTER
62957,2022/12/11 13:01,0,800118920,11,80011A420,8194.84,US Dollar,8194.84,US Dollar,ACH,0,1163053,50,9814,11455270,8194.84,0,8194.84,0,3,0,1163053.0,-0.13233061,0,,,0.4669655400467016,2022/12/11 13:01,800118920,80011A420,8170.7,US Dollar,8170.7,US Dollar,ACH,1.0,GATHER-SCATTER
66514,2022/11/22 16:51,0,8003A9070,544,8003C2050,502.72,US Dollar,502.72,US Dollar,ACH,0,1175399,4958,29589,9827470,502.72,0,502.72,0,3,0,1175399.0,-0.0053557605,0,,,0.498661063075523,2022/11/22 16:51,8003A9070,8003C2050,6448.61,US Dollar,6448.61,US Dollar,ACH,1.0,CYCLE
66886,2022/11/09 11:02,0,8003C6370,1213,800151B30,15760.12,Euro,15760.12,Euro,ACH,0,1176746,197,29595,8683330,15760.12,1,15760.12,1,3,0,1176746.0,-0.0963916,0,,,0.4759207411630066,2022/11/09 11:02,8003C6370,800151B30,727.09,Euro,727.09,Euro,ACH,1.0,BIPARTITE
72965,2022/11/04 14:39,21418,800C00BC0,0,8017AA380,11.94,US Dollar,11.94,US Dollar,Cheque,0,1194933,4987,4162,8264350,11.94,0,11.94,0,1,0,1194933.0,-0.087337196,0,,,0.4781795693679334,2022/11/04 14:39,801771CC0,80078AFF0,17945585.1,US Dollar,17945585.1,US Dollar,ACH,1.0,BIPARTITE
73127,2022/11/09 07:58,1216,8009BEF60,0,80097C9F0,10053.58,US Dollar,10053.58,US Dollar,ACH,0,1195408,29730,13911,8672290,10053.58,0,10053.58,0,3,0,1195408.0,0.07598314,0,,,0.5189866510251836,2022/11/09 07:58,8009BEF60,80097C9F0,5249.24,US Dollar,5249.24,US Dollar,ACH,1.0,BIPARTITE
75741,2022/12/04 01:18,0,8005500F0,1938,8010D7C70,578.87,Euro,578.87,Euro,ACH,0,1202416,13090,29806,10808290,578.87,1,578.87,1,3,0,1202416.0,0.045922074,0,,,0.5114785013803083,2022/12/04 01:18,8005500F0,8010D7C70,12946.09,Euro,12946.09,Euro,ACH,1.0,STACK
76289,2022/11/10 08:55,12,8001B98B0,0,80042E990,8129.68,US Dollar,8129.68,US Dollar,ACH,0,1204615,29837,234,8762110,8129.68,0,8129.68,0,3,0,1204615.0,0.15053973,0,,,0.5375640189717895,2022/11/10 08:55,8001B98B0,80042E990,4902.41,US Dollar,4902.41,US Dollar,ACH,1.0,FAN-IN
77236,2022/10/21 05:36,0,80049E3F0,11,8001FDEE0,29012526.73,Euro,29012526.73,Euro,ACH,0,1087178,31556,1575,7018570,29012526.73,1,29012526.73,1,3,0,1087178.0,0.097151145,0,,,0.5242687012207982,2022/10/21 05:36,80049E3F0,8001FDEE0,6118.24,Euro,6118.24,Euro,ACH,1.0,RANDOM
77979,2022/11/27 12:15,0,80356E760,11,800271F90,526.13,Euro,526.13,Euro,ACH,0,1230258,19262,1628,10242910,526.13,1,526.13,1,3,0,1230258.0,0.04034389,0,,,0.5100846047037947,2022/11/27 12:15,80356E760,800271F90,8478.11,Euro,8478.11,Euro,ACH,1.0,STACK
78068,2022/12/11 13:01,0,800118920,11,80011A420,8194.84,US Dollar,8194.84,US Dollar,ACH,0,1248183,13047,3754,11455270,8194.84,0,8194.84,0,3,0,1248183.0,0.18156299,0,,,0.545266464566753,2022/12/11 13:01,800118920,80011A420,8170.7,US Dollar,8170.7,US Dollar,ACH,1.0,GATHER-SCATTER
78343,2022/11/22 11:53,12,8002223A0,0,80058CB60,1629.68,US Dollar,1629.68,US Dollar,ACH,0,1115709,136,29695,9809590,1629.68,0,1629.68,0,0,0,1115709.0,0.0072142743,0,,,0.5018035607527003,2022/11/22 11:53,8002223A0,80058CB60,12779.24,US Dollar,12779.24,US Dollar,ACH,1.0,CYCLE
78365,2022/11/10 08:55,12,8001B98B0,0,80042E990,8129.68,US Dollar,8129.68,US Dollar,ACH,0,1296785,94,31224,8762110,8129.68,0,8129.68,0,0,0,1296785.0,-0.062007256,0,,,0.4845031510011403,2022/11/10 08:55,8001B98B0,80042E990,4902.41,US Dollar,4902.41,US Dollar,ACH,1.0,FAN-IN
78381,2022/11/17 11:48,20,800362D90,0,8003BA710,918.38,US Dollar,918.38,US Dollar,ACH,0,884256,3100,17007,9377290,918.38,0,918.38,0,3,0,884256.0,0.011814516,0,,,0.5029535946441653,2022/11/17 11:48,800362D90,8003BA710,14019.31,US Dollar,14019.31,US Dollar,ACH,1.0,STACK
79059,2022/11/14 11:34,20,8003D18E0,0,800359A10,7691.49,US Dollar,7691.49,US Dollar,ACH,0,1008119,225,22705,9117250,7691.49,0,7691.49,0,3,0,1008119.0,0.027938206,0,,,0.5069840972233535,2022/11/14 11:34,8003D18E0,800359A10,297.24,US Dollar,297.24,US Dollar,ACH,1.0,FAN-IN
80819,2022/11/04 13:07,0,8002FE020,20,8003E83F0,16.98,US Dollar,16.98,US Dollar,ACH,0,1165816,4174,4175,8258830,16.98,0,16.98,0,3,0,1165816.0,-0.07296206,0,,,0.48176757258564,2022/11/04 13:07,800435440,800563DC0,15446.03,US Dollar,15446.03,US Dollar,ACH,1.0,SCATTER-GATHER
